{
	"credit": "Made with Blockbench",
	"textures": {
		"1": "block/cobblestone"
	},
	"elements": [
		{
			"from": [1, -1, 1],
			"to": [11, 1, 7],
			"rotation": {"angle": 0, "axis": "y", "origin": [0, 0, 0]},
			"faces": {
				"north": {"uv": [1, 0, 11, 2], "rotation": 180, "texture": "#1"},
				"east": {"uv": [10, 1, 12, 7], "rotation": 90, "texture": "#1"},
				"south": {"uv": [1, 6, 11, 8], "texture": "#1"},
				"west": {"uv": [0, 1, 2, 7], "rotation": 270, "texture": "#1"},
				"up": {"uv": [1, 1, 11, 7], "texture": "#1"},
				"down": {"uv": [1, 9, 11, 15], "texture": "#1"}
			}
		},
		{
			"from": [5, -1, 9],
			"to": [15, 1, 15],
			"rotation": {"angle": 0, "axis": "y", "origin": [0, 0, 0]},
			"faces": {
				"north": {"uv": [5, 8, 15, 10], "rotation": 180, "texture": "#1"},
				"east": {"uv": [14, 9, 16, 15], "rotation": 90, "texture": "#1"},
				"south": {"uv": [5, 14, 15, 16], "texture": "#1"},
				"west": {"uv": [4, 9, 6, 15], "rotation": 270, "texture": "#1"},
				"up": {"uv": [5, 9, 15, 15], "texture": "#1"},
				"down": {"uv": [5, 1, 15, 7], "texture": "#1"}
			}
		}
	],
	"display": {
		"thirdperson_righthand": {
			"scale": [0.5, 0.5, 0.5]
		},
		"thirdperson_lefthand": {
			"scale": [0.5, 0.5, 0.5]
		},
		"ground": {
			"scale": [0.5, 0.5, 0.5]
		},
		"gui": {
			"rotation": [45, 45, 0],
			"scale": [0.5, 0.5, 0.5]
		},
		"head": {
			"translation": [0, 14.5, 0]
		},
		"fixed": {
			"rotation": [-90, 0, 0],
			"translation": [0, 0, -14],
			"scale": [2, 2, 2]
		}
	}
}