{
	"credit": "Made with Blockbench",
	"textures": {
		"1": "block/orangebasket",
		"2": "block/basket_orange_bottom",
		"3": "block/basket_orange_side1",
		"4": "block/basket_orange_top"
	},
	"elements": [
		{
			"from": [2, 0, 2],
			"to": [14, 5, 14],
			"rotation": {"angle": 0, "axis": "y", "origin": [10, 8, 10]},
			"faces": {
				"north": {"uv": [2, 2, 14, 7], "texture": "#3"},
				"east": {"uv": [2, 2, 14, 7], "texture": "#3"},
				"south": {"uv": [2, 2, 14, 7], "texture": "#3"},
				"west": {"uv": [2, 2, 14, 7], "texture": "#3"},
				"up": {"uv": [2, 2, 14, 14], "texture": "#4"},
				"down": {"uv": [2, 2, 14, 14], "texture": "#2"}
			}
		},
		{
			"from": [7, 5, 2],
			"to": [9, 12, 3],
			"rotation": {"angle": 0, "axis": "y", "origin": [15, 13, 10]},
			"faces": {
				"north": {"uv": [2, 9, 9, 11], "rotation": 90, "texture": "#2"},
				"east": {"uv": [2, 10, 9, 11], "rotation": 90, "texture": "#2"},
				"south": {"uv": [2, 9, 9, 11], "rotation": 270, "texture": "#2"},
				"west": {"uv": [2, 9, 9, 10], "rotation": 90, "texture": "#2"},
				"up": {"uv": [2, 9, 3, 11], "rotation": 270, "texture": "#2"},
				"down": {"uv": [1, 3.5, 4.5, 4.5], "rotation": 90, "texture": "#missing"}
			}
		},
		{
			"from": [7, 5, 13],
			"to": [9, 12, 14],
			"rotation": {"angle": 0, "axis": "y", "origin": [15, 13, 21]},
			"faces": {
				"north": {"uv": [2, 9, 9, 11], "rotation": 90, "texture": "#2"},
				"east": {"uv": [2, 10, 9, 11], "rotation": 90, "texture": "#2"},
				"south": {"uv": [2, 9, 9, 11], "rotation": 270, "texture": "#2"},
				"west": {"uv": [2, 9, 9, 10], "rotation": 90, "texture": "#2"},
				"up": {"uv": [2, 9, 3, 11], "rotation": 270, "texture": "#2"},
				"down": {"uv": [1, 3.5, 4.5, 4.5], "rotation": 90, "texture": "#missing"}
			}
		},
		{
			"from": [7, 11, 3],
			"to": [9, 12, 13],
			"rotation": {"angle": 0, "axis": "y", "origin": [15, 19, 11]},
			"faces": {
				"north": {"uv": [2, 9, 12, 11], "rotation": 270, "texture": "#2"},
				"east": {"uv": [2, 10, 12, 11], "texture": "#2"},
				"south": {"uv": [2, 9, 12, 11], "rotation": 270, "texture": "#2"},
				"west": {"uv": [2, 9, 12, 10], "rotation": 180, "texture": "#2"},
				"up": {"uv": [2, 9, 12, 11], "rotation": 270, "texture": "#2"},
				"down": {"uv": [2, 9, 12, 11], "rotation": 270, "texture": "#2"}
			}
		},
		{
			"from": [3, 5, 3],
			"to": [8, 6, 8],
			"rotation": {"angle": 0, "axis": "y", "origin": [11, 13, 11]},
			"faces": {
				"north": {"uv": [1, 6, 6, 7], "texture": "#1"},
				"east": {"uv": [0, 0, 5, 1], "texture": "#missing"},
				"south": {"uv": [0, 0, 5, 1], "texture": "#missing"},
				"west": {"uv": [1, 6, 6, 7], "texture": "#1"},
				"up": {"uv": [1, 1, 6, 6], "texture": "#1"},
				"down": {"uv": [0, 0, 5, 5], "texture": "#missing"}
			}
		},
		{
			"from": [8, 5, 8],
			"to": [13, 6, 13],
			"rotation": {"angle": 0, "axis": "y", "origin": [16, 13, 16]},
			"faces": {
				"north": {"uv": [1, 6, 6, 7], "texture": "#1"},
				"east": {"uv": [1, 6, 6, 7], "texture": "#1"},
				"south": {"uv": [1, 0, 6, 1], "texture": "#1"},
				"west": {"uv": [1, 6, 6, 7], "texture": "#1"},
				"up": {"uv": [1, 1, 6, 6], "texture": "#1"},
				"down": {"uv": [0, 0, 5, 5], "texture": "#missing"}
			}
		},
		{
			"from": [8, 5, 3],
			"to": [13, 7, 8],
			"rotation": {"angle": 0, "axis": "y", "origin": [16, 13, 11]},
			"faces": {
				"north": {"uv": [1, 5, 6, 7], "texture": "#1"},
				"east": {"uv": [1, 5, 6, 7], "texture": "#1"},
				"south": {"uv": [1, 5, 6, 7], "texture": "#1"},
				"west": {"uv": [1, 5, 6, 7], "texture": "#1"},
				"up": {"uv": [1, 1, 6, 6], "texture": "#1"},
				"down": {"uv": [0, 0, 5, 5], "texture": "#missing"}
			}
		},
		{
			"from": [3, 5, 8],
			"to": [8, 7, 13],
			"rotation": {"angle": 0, "axis": "y", "origin": [11, 13, 16]},
			"faces": {
				"north": {"uv": [1, 5, 6, 7], "texture": "#1"},
				"east": {"uv": [1, 5, 6, 7], "texture": "#1"},
				"south": {"uv": [1, 5, 6, 7], "texture": "#1"},
				"west": {"uv": [1, 5, 6, 7], "texture": "#1"},
				"up": {"uv": [1, 1, 6, 6], "texture": "#1"},
				"down": {"uv": [0, 0, 5, 5], "texture": "#missing"}
			}
		},
		{
			"from": [4, 6, 4],
			"to": [7, 7, 7],
			"rotation": {"angle": 0, "axis": "y", "origin": [12, 14, 12]},
			"faces": {
				"north": {"uv": [2, 5, 5, 6], "texture": "#1"},
				"east": {"uv": [2, 5, 5, 6], "texture": "#1"},
				"south": {"uv": [2, 4, 5, 5], "texture": "#1"},
				"west": {"uv": [2, 1, 5, 2], "texture": "#1"},
				"up": {"uv": [2, 2, 5, 5], "texture": "#1"},
				"down": {"uv": [0, 0, 3, 3], "texture": "#missing"}
			}
		},
		{
			"from": [9, 6, 9],
			"to": [12, 7, 12],
			"rotation": {"angle": 0, "axis": "y", "origin": [17, 14, 17]},
			"faces": {
				"north": {"uv": [2, 5, 5, 6], "texture": "#1"},
				"east": {"uv": [2, 5, 5, 6], "texture": "#1"},
				"south": {"uv": [2, 4, 5, 5], "texture": "#1"},
				"west": {"uv": [2, 1, 5, 2], "texture": "#1"},
				"up": {"uv": [2, 2, 5, 5], "texture": "#1"},
				"down": {"uv": [0, 0, 3, 3], "texture": "#missing"}
			}
		},
		{
			"from": [4, 7, 9],
			"to": [7, 8, 12],
			"rotation": {"angle": 0, "axis": "y", "origin": [12, 15, 17]},
			"faces": {
				"north": {"uv": [2, 5, 5, 6], "texture": "#1"},
				"east": {"uv": [2, 5, 5, 6], "texture": "#1"},
				"south": {"uv": [2, 4, 5, 5], "texture": "#1"},
				"west": {"uv": [2, 1, 5, 2], "texture": "#1"},
				"up": {"uv": [2, 2, 5, 5], "texture": "#1"},
				"down": {"uv": [0, 0, 3, 3], "texture": "#missing"}
			}
		},
		{
			"from": [9, 7, 4],
			"to": [12, 8, 7],
			"rotation": {"angle": 0, "axis": "y", "origin": [17, 15, 12]},
			"faces": {
				"north": {"uv": [2, 5, 5, 6], "texture": "#1"},
				"east": {"uv": [2, 5, 5, 6], "texture": "#1"},
				"south": {"uv": [2, 4, 5, 5], "texture": "#1"},
				"west": {"uv": [2, 1, 5, 2], "texture": "#1"},
				"up": {"uv": [2, 2, 5, 5], "texture": "#1"},
				"down": {"uv": [0, 0, 3, 3], "texture": "#missing"}
			}
		},
		{
			"from": [10, 7, 10],
			"to": [11, 8, 11],
			"rotation": {"angle": 0, "axis": "y", "origin": [18, 15, 18]},
			"faces": {
				"north": {"uv": [13, 15, 14, 16], "texture": "#1"},
				"east": {"uv": [13, 15, 14, 16], "texture": "#1"},
				"south": {"uv": [13, 15, 14, 16], "texture": "#1"},
				"west": {"uv": [13, 15, 14, 16], "texture": "#1"},
				"up": {"uv": [13, 15, 14, 16], "texture": "#1"},
				"down": {"uv": [13, 15, 14, 16], "texture": "#1"}
			}
		},
		{
			"from": [5, 7, 5],
			"to": [6, 8, 6],
			"rotation": {"angle": 0, "axis": "y", "origin": [13, 15, 13]},
			"faces": {
				"north": {"uv": [13, 15, 14, 16], "texture": "#1"},
				"east": {"uv": [13, 15, 14, 16], "texture": "#1"},
				"south": {"uv": [13, 15, 14, 16], "texture": "#1"},
				"west": {"uv": [13, 15, 14, 16], "texture": "#1"},
				"up": {"uv": [13, 15, 14, 16], "texture": "#1"},
				"down": {"uv": [13, 15, 14, 16], "texture": "#1"}
			}
		},
		{
			"from": [11, 8, 11],
			"to": [13, 8, 13],
			"rotation": {"angle": 0, "axis": "y", "origin": [19, 16, 19]},
			"faces": {
				"north": {"uv": [0, 0, 2, 0], "texture": "#missing"},
				"east": {"uv": [0, 0, 2, 0], "texture": "#missing"},
				"south": {"uv": [0, 0, 2, 0], "texture": "#missing"},
				"west": {"uv": [0, 0, 2, 0], "texture": "#missing"},
				"up": {"uv": [14, 14, 16, 16], "texture": "#1"},
				"down": {"uv": [0, 0, 2, 2], "texture": "#missing"}
			}
		},
		{
			"from": [4, 8, 3],
			"to": [5, 8, 5],
			"rotation": {"angle": 0, "axis": "y", "origin": [11, 16, 11]},
			"faces": {
				"north": {"uv": [0, 0, 2, 0], "texture": "#missing"},
				"east": {"uv": [0, 0, 2, 0], "texture": "#missing"},
				"south": {"uv": [0, 0, 2, 0], "texture": "#missing"},
				"west": {"uv": [0, 0, 2, 0], "texture": "#missing"},
				"up": {"uv": [15, 14, 16, 16], "texture": "#1"},
				"down": {"uv": [0, 0, 2, 2], "texture": "#missing"}
			}
		}
	],
	"display": {
		"thirdperson_righthand": {
			"translation": [0, 2, 0],
			"scale": [0.55, 0.55, 0.55]
		},
		"thirdperson_lefthand": {
			"translation": [0, 2, 0],
			"scale": [0.5, 0.5, 0.5]
		},
		"firstperson_righthand": {
			"rotation": [0, -90, 25],
			"translation": [1.13, 3.2, 1.13],
			"scale": [0.4, 0.4, 0.4]
		},
		"firstperson_lefthand": {
			"rotation": [0, -90, 25],
			"translation": [1.13, 3.2, 1.13],
			"scale": [0.4, 0.4, 0.4]
		},
		"ground": {
			"scale": [0.5, 0.5, 0.5]
		},
		"gui": {
			"rotation": [30, -45, 0],
			"scale": [0.5, 0.5, 0.5]
		},
		"head": {
			"rotation": [0, -90, 0],
			"translation": [0, 14, 0]
		},
		"fixed": {
			"rotation": [-90, 180, 0],
			"translation": [0, 0, -14],
			"scale": [2, 2, 2]
		}
	}
}