{
	"credit": "Made with Blockbench",
	"textures": {
		"1": "block/red_lantern_black",
		"2": "block/red_lantern_side1"
	},
	"elements": [
		{
			"from": [0, 0, 15],
			"to": [16, 0, 16],
			"rotation": {"angle": 0, "axis": "y", "origin": [23, 8, 23]},
			"faces": {
				"north": {"uv": [0, 6, 16, 7], "texture": "#1"},
				"east": {"uv": [0, 6, 16, 7], "texture": "#1"},
				"south": {"uv": [0, 6, 16, 7], "texture": "#1"},
				"west": {"uv": [0, 6, 16, 7], "texture": "#1"},
				"up": {"uv": [0, 6, 16, 7], "texture": "#1"},
				"down": {"uv": [0, 6, 16, 7], "texture": "#1"}
			}
		},
		{
			"from": [10, -2, 10],
			"to": [14, 2, 14],
			"rotation": {"angle": 0, "axis": "y", "origin": [19, 6, 18]},
			"faces": {
				"north": {"uv": [0, 5, 4, 9], "texture": "#2"},
				"east": {"uv": [0, 4, 4, 8], "rotation": 270, "texture": "#2"},
				"south": {"uv": [0, 4, 4, 8], "texture": "#2"},
				"west": {"uv": [0, 4, 4, 8], "rotation": 90, "texture": "#2"},
				"up": {"uv": [0, 4, 4, 8], "rotation": 180, "texture": "#2"},
				"down": {"uv": [0, 4, 4, 8], "texture": "#2"}
			}
		},
		{
			"from": [2, -2, 10],
			"to": [6, 2, 14],
			"rotation": {"angle": 0, "axis": "y", "origin": [11, 6, 18]},
			"faces": {
				"north": {"uv": [0, 5, 4, 9], "texture": "#2"},
				"east": {"uv": [0, 4, 4, 8], "rotation": 270, "texture": "#2"},
				"south": {"uv": [0, 4, 4, 8], "texture": "#2"},
				"west": {"uv": [0, 4, 4, 8], "rotation": 90, "texture": "#2"},
				"up": {"uv": [0, 4, 4, 8], "rotation": 180, "texture": "#2"},
				"down": {"uv": [0, 4, 4, 8], "texture": "#2"}
			}
		},
		{
			"from": [11, -1, 14],
			"to": [13, 1, 15],
			"rotation": {"angle": 0, "axis": "y", "origin": [19, 8, 22]},
			"faces": {
				"north": {"uv": [0, 0, 2, 2], "texture": "#missing"},
				"east": {"uv": [5, 2, 6, 4], "texture": "#1"},
				"south": {"uv": [7, 3, 9, 5], "texture": "#1"},
				"west": {"uv": [9, 2, 10, 4], "texture": "#1"},
				"up": {"uv": [7, 2, 9, 3], "texture": "#1"},
				"down": {"uv": [9, 2, 11, 3], "texture": "#1"}
			}
		},
		{
			"from": [3, -1, 14],
			"to": [5, 1, 15],
			"rotation": {"angle": 0, "axis": "y", "origin": [11, 8, 22]},
			"faces": {
				"north": {"uv": [0, 0, 2, 2], "texture": "#missing"},
				"east": {"uv": [5, 2, 6, 4], "texture": "#1"},
				"south": {"uv": [7, 3, 9, 5], "texture": "#1"},
				"west": {"uv": [9, 2, 10, 4], "texture": "#1"},
				"up": {"uv": [7, 2, 9, 3], "texture": "#1"},
				"down": {"uv": [9, 2, 11, 3], "texture": "#1"}
			}
		},
		{
			"from": [3, -1, 9],
			"to": [5, 1, 10],
			"rotation": {"angle": 0, "axis": "y", "origin": [11, 8, 17]},
			"faces": {
				"north": {"uv": [8, 2, 10, 4], "texture": "#1"},
				"east": {"uv": [5, 2, 6, 4], "texture": "#1"},
				"south": {"uv": [7, 3, 9, 5], "texture": "#1"},
				"west": {"uv": [9, 2, 10, 4], "texture": "#1"},
				"up": {"uv": [7, 2, 9, 3], "texture": "#1"},
				"down": {"uv": [9, 2, 11, 3], "texture": "#1"}
			}
		},
		{
			"from": [11, -1, 9],
			"to": [13, 1, 10],
			"rotation": {"angle": 0, "axis": "y", "origin": [19, 8, 17]},
			"faces": {
				"north": {"uv": [8, 2, 10, 4], "texture": "#1"},
				"east": {"uv": [5, 2, 6, 4], "texture": "#1"},
				"south": {"uv": [7, 3, 9, 5], "texture": "#1"},
				"west": {"uv": [9, 2, 10, 4], "texture": "#1"},
				"up": {"uv": [7, 2, 9, 3], "texture": "#1"},
				"down": {"uv": [9, 2, 11, 3], "texture": "#1"}
			}
		}
	],
	"display": {
		"thirdperson_righthand": {
			"translation": [0, 2.25, -4],
			"scale": [0.5, 0.5, 0.5]
		},
		"thirdperson_lefthand": {
			"translation": [0, 2, -4],
			"scale": [0.5, 0.5, 0.5]
		},
		"ground": {
			"rotation": [-90, 0, 0],
			"translation": [0, -6.25, 0]
		},
		"gui": {
			"rotation": [-45, 0, 45],
			"translation": [-5.5, 1, 0]
		},
		"fixed": {
			"translation": [0, 16, -14],
			"scale": [2, 2, 2]
		}
	}
}