{
	"credit": "Made with Blockbench",
	"textures": {
		"2": "block/red_lantern_side1",
		"3": "block/red_lantern_black",
		"4": "block/red_lantern_top2"
	},
	"elements": [
		{
			"from": [2, 3, 2],
			"to": [14, 15, 14],
			"rotation": {"angle": 0, "axis": "y", "origin": [10, 11, 10]},
			"faces": {
				"north": {"uv": [0, 0, 12, 12], "texture": "#2"},
				"east": {"uv": [0, 0, 12, 12], "texture": "#2"},
				"south": {"uv": [0, 0, 12, 12], "texture": "#2"},
				"west": {"uv": [0, 0, 12, 12], "texture": "#2"},
				"up": {"uv": [0, 0, 12, 12], "texture": "#4"},
				"down": {"uv": [0, 0, 12, 12], "texture": "#4"}
			}
		},
		{
			"from": [5, 15, 5],
			"to": [11, 16, 11],
			"rotation": {"angle": 0, "axis": "y", "origin": [13, 23, 13]},
			"faces": {
				"north": {"uv": [5, 2, 11, 3], "texture": "#3"},
				"east": {"uv": [5, 2, 11, 3], "texture": "#3"},
				"south": {"uv": [5, 2, 11, 3], "texture": "#3"},
				"west": {"uv": [5, 2, 11, 3], "texture": "#3"},
				"up": {"uv": [5, 5, 11, 11], "texture": "#3"},
				"down": {"uv": [0, 0, 6, 6], "texture": "#missing"}
			}
		},
		{
			"from": [4.98, 2, 4.98],
			"to": [11.02, 3, 11.02],
			"rotation": {"angle": 0, "axis": "y", "origin": [12.98, 10, 12.98]},
			"faces": {
				"north": {"uv": [5, 2, 11, 3], "texture": "#3"},
				"east": {"uv": [5, 2, 11, 3], "texture": "#3"},
				"south": {"uv": [5, 2, 11, 3], "texture": "#3"},
				"west": {"uv": [5, 2, 11, 3], "texture": "#3"},
				"up": {"uv": [5, 5, 11, 11], "texture": "#3"},
				"down": {"uv": [5, 5, 11, 11], "texture": "#3"}
			}
		},
		{
			"from": [5, -1, 11.02],
			"to": [11, 2, 11.02],
			"rotation": {"angle": 0, "axis": "y", "origin": [13, 7, 18]},
			"faces": {
				"north": {"uv": [0, 12, 6, 15], "texture": "#2"},
				"east": {"uv": [0, 12, 6, 15], "texture": "#2"},
				"south": {"uv": [0, 12, 6, 15], "texture": "#2"},
				"west": {"uv": [0, 12, 6, 15], "texture": "#2"},
				"up": {"uv": [0, 12, 6, 15], "texture": "#2"},
				"down": {"uv": [0, 12, 6, 15], "texture": "#2"}
			}
		},
		{
			"from": [5, -1, 4.98],
			"to": [11, 2, 4.98],
			"rotation": {"angle": 0, "axis": "y", "origin": [13, 7, 12]},
			"faces": {
				"north": {"uv": [0, 12, 6, 15], "texture": "#2"},
				"east": {"uv": [0, 12, 6, 15], "texture": "#2"},
				"south": {"uv": [0, 12, 6, 15], "texture": "#2"},
				"west": {"uv": [0, 12, 6, 15], "texture": "#2"},
				"up": {"uv": [0, 12, 6, 15], "texture": "#2"},
				"down": {"uv": [0, 12, 6, 15], "texture": "#2"}
			}
		},
		{
			"from": [11.02, -1, 5],
			"to": [11.02, 2, 11],
			"rotation": {"angle": 0, "axis": "y", "origin": [13, 7, 13]},
			"faces": {
				"north": {"uv": [0, 12, 6, 15], "texture": "#2"},
				"east": {"uv": [0, 12, 6, 15], "texture": "#2"},
				"south": {"uv": [0, 12, 6, 15], "texture": "#2"},
				"west": {"uv": [0, 12, 6, 15], "texture": "#2"},
				"up": {"uv": [0, 12, 6, 15], "texture": "#2"},
				"down": {"uv": [0, 12, 6, 15], "texture": "#2"}
			}
		},
		{
			"from": [4.98, -1, 5],
			"to": [4.98, 2, 11],
			"rotation": {"angle": 0, "axis": "y", "origin": [7, 7, 13]},
			"faces": {
				"north": {"uv": [0, 12, 6, 15], "texture": "#2"},
				"east": {"uv": [0, 12, 6, 15], "texture": "#2"},
				"south": {"uv": [0, 12, 6, 15], "texture": "#2"},
				"west": {"uv": [0, 12, 6, 15], "texture": "#2"},
				"up": {"uv": [0, 12, 6, 15], "texture": "#2"},
				"down": {"uv": [0, 12, 6, 15], "texture": "#2"}
			}
		}
	],
	"display": {
		"thirdperson_righthand": {
			"scale": [0.5, 0.5, 0.5]
		},
		"thirdperson_lefthand": {
			"scale": [0.5, 0.5, 0.5]
		},
		"firstperson_righthand": {
			"scale": [0.5, 0.5, 0.5]
		},
		"firstperson_lefthand": {
			"scale": [0.5, 0.5, 0.5]
		},
		"ground": {
			"scale": [0.5, 0.5, 0.5]
		},
		"gui": {
			"rotation": [30, 45, 0],
			"scale": [0.7, 0.7, 0.7]
		},
		"head": {
			"translation": [0, 15, 0]
		},
		"fixed": {
			"rotation": [90, 0, 0],
			"translation": [0, 0, -14],
			"scale": [2, 2, 2]
		}
	},
	"groups": [
		{
			"name": "group",
			"origin": [10, 8, 10],
			"children": [0, 1, 2, 3, 4, 5, 6]
		}
	]
}