{
	"credit": "Made with Blockbench",
	"textures": {
		"2": "block/oak_planks_a",
		"5": "block/hanger1",
		"6": "block/white_wool_sheet_left",
		"7": "block/white_wool_teatowel",
		"8": "block/white_wool_sheet",
		"particle": "block/white_wool_sheet"
	},
	"elements": [
		{
			"name": "string1",
			"from": [16, 30, 8],
			"to": [32, 31, 8],
			"rotation": {"angle": 0, "axis": "y", "origin": [-4, 38, 15]},
			"faces": {
				"north": {"uv": [0, 0, 1, 16], "rotation": 270, "texture": "#2"},
				"east": {"uv": [0, 15, 1, 16], "rotation": 90, "texture": "#2"},
				"south": {"uv": [0, 0, 1, 16], "rotation": 90, "texture": "#2"},
				"west": {"uv": [0, 0, 1, 16], "rotation": 90, "texture": "#2"},
				"up": {"uv": [0, 0, 1, 16], "rotation": 90, "texture": "#2"},
				"down": {"uv": [0, 0, 1, 16], "rotation": 90, "texture": "#2"}
			}
		},
		{
			"name": "string2",
			"from": [0, 30, 8],
			"to": [16, 31, 8],
			"rotation": {"angle": 0, "axis": "y", "origin": [-4, 38, 15]},
			"faces": {
				"north": {"uv": [5, 0, 6, 16], "rotation": 90, "texture": "#2"},
				"east": {"uv": [5, 0, 6, 16], "rotation": 90, "texture": "#2"},
				"south": {"uv": [5, 0, 6, 16], "rotation": 270, "texture": "#2"},
				"west": {"uv": [5, 0, 6, 16], "rotation": 90, "texture": "#2"},
				"up": {"uv": [5, 0, 6, 16], "rotation": 270, "texture": "#2"},
				"down": {"uv": [5, 0, 6, 16], "rotation": 270, "texture": "#2"}
			}
		},
		{
			"name": "string3",
			"from": [-16, 30, 8],
			"to": [0, 31, 8],
			"rotation": {"angle": 0, "axis": "y", "origin": [-6, 38, 15]},
			"faces": {
				"north": {"uv": [15, 0, 16, 16], "rotation": 90, "texture": "#2"},
				"east": {"uv": [15, 0, 16, 16], "rotation": 270, "texture": "#2"},
				"south": {"uv": [15, 0, 16, 16], "rotation": 270, "texture": "#2"},
				"west": {"uv": [15, 15, 16, 16], "rotation": 270, "texture": "#2"},
				"up": {"uv": [15, 0, 16, 16], "rotation": 270, "texture": "#2"},
				"down": {"uv": [15, 0, 16, 16], "rotation": 270, "texture": "#2"}
			}
		},
		{
			"name": "sheet1",
			"from": [-12, 14, 8],
			"to": [4, 30, 8.02],
			"rotation": {"angle": 0, "axis": "y", "origin": [-3, 22, 15]},
			"faces": {
				"north": {"uv": [0, 0, 16, 16], "texture": "#8"},
				"east": {"uv": [0, 0, 16, 16], "texture": "#8"},
				"south": {"uv": [0, 0, 16, 16], "texture": "#6"},
				"west": {"uv": [0, 0, 16, 16], "texture": "#8"},
				"up": {"uv": [0, 0, 16, 16], "texture": "#8"},
				"down": {"uv": [0, 0, 16, 16], "texture": "#8"}
			}
		},
		{
			"name": "sheet2",
			"from": [4, 14, 8],
			"to": [13, 30, 8.02],
			"rotation": {"angle": 0, "axis": "y", "origin": [6, 22, 15]},
			"faces": {
				"north": {"uv": [0, 0, 9, 16], "texture": "#6"},
				"east": {"uv": [0, 0, 9, 16], "texture": "#6"},
				"south": {"uv": [7, 0, 16, 16], "texture": "#8"},
				"west": {"uv": [0, 0, 9, 16], "texture": "#6"},
				"up": {"uv": [0, 0, 9, 16], "texture": "#6"},
				"down": {"uv": [0, 0, 9, 16], "texture": "#6"}
			}
		},
		{
			"name": "sheet3",
			"from": [6.8, 10.5, 8.01],
			"to": [10.3, 12.5, 8.01],
			"rotation": {"angle": 22.5, "axis": "z", "origin": [3, 19, 15]},
			"faces": {
				"north": {"uv": [3, 13, 7, 15], "rotation": 180, "texture": "#6"},
				"east": {"uv": [12, 14, 16, 16], "texture": "#6"},
				"south": {"uv": [3, 13, 7, 15], "texture": "#6"},
				"west": {"uv": [12, 14, 16, 16], "texture": "#6"},
				"up": {"uv": [12, 14, 16, 16], "texture": "#6"},
				"down": {"uv": [12, 14, 16, 16], "texture": "#6"}
			}
		},
		{
			"name": "sheet4",
			"from": [-8.5, 14.7, 8.01],
			"to": [-5, 16.7, 8.01],
			"rotation": {"angle": -22.5, "axis": "z", "origin": [-12, 23, 15]},
			"faces": {
				"north": {"uv": [3, 14, 7, 16], "texture": "#6"},
				"east": {"uv": [12, 14, 16, 16], "texture": "#6"},
				"south": {"uv": [3, 13, 7, 15], "rotation": 180, "texture": "#6"},
				"west": {"uv": [12, 14, 16, 16], "texture": "#6"},
				"up": {"uv": [12, 14, 16, 16], "texture": "#6"},
				"down": {"uv": [12, 14, 16, 16], "texture": "#6"}
			}
		},
		{
			"name": "towel",
			"from": [17, 15, 8],
			"to": [28, 30, 8],
			"rotation": {"angle": 0, "axis": "y", "origin": [28, 25, 15]},
			"faces": {
				"north": {"uv": [5, 0, 16, 15], "texture": "#7"},
				"east": {"uv": [5, 0, 16, 15], "texture": "#7"},
				"south": {"uv": [5, 0, 16, 15], "texture": "#7"},
				"west": {"uv": [5, 0, 16, 15], "texture": "#7"},
				"up": {"uv": [5, 0, 16, 15], "texture": "#7"},
				"down": {"uv": [5, 0, 16, 15], "texture": "#7"}
			}
		},
		{
			"name": "clothespin6",
			"from": [-11, 29, 7.5],
			"to": [-10, 32, 8.5],
			"rotation": {"angle": 0, "axis": "y", "origin": [-3, 39, 15]},
			"faces": {
				"north": {"uv": [4, 4, 5, 7], "texture": "#5"},
				"east": {"uv": [5, 4, 6, 7], "texture": "#5"},
				"south": {"uv": [4, 4, 5, 7], "texture": "#5"},
				"west": {"uv": [5, 4, 6, 7], "texture": "#5"},
				"up": {"uv": [4, 4, 5, 5], "texture": "#5"},
				"down": {"uv": [5, 5, 6, 6], "texture": "#5"}
			}
		},
		{
			"name": "clothespin7",
			"from": [11, 29, 7.5],
			"to": [12, 32, 8.5],
			"rotation": {"angle": 0, "axis": "y", "origin": [-3, 39, 15]},
			"faces": {
				"north": {"uv": [4, 4, 5, 7], "texture": "#5"},
				"east": {"uv": [5, 4, 6, 7], "texture": "#5"},
				"south": {"uv": [4, 4, 5, 7], "texture": "#5"},
				"west": {"uv": [5, 4, 6, 7], "texture": "#5"},
				"up": {"uv": [4, 4, 5, 5], "texture": "#5"},
				"down": {"uv": [5, 5, 6, 6], "texture": "#5"}
			}
		},
		{
			"name": "clothespin8",
			"from": [0, 29, 7.5],
			"to": [1, 32, 8.5],
			"rotation": {"angle": 0, "axis": "y", "origin": [-3, 39, 15]},
			"faces": {
				"north": {"uv": [4, 4, 5, 7], "texture": "#5"},
				"east": {"uv": [5, 4, 6, 7], "texture": "#5"},
				"south": {"uv": [4, 4, 5, 7], "texture": "#5"},
				"west": {"uv": [5, 4, 6, 7], "texture": "#5"},
				"up": {"uv": [4, 4, 5, 5], "texture": "#5"},
				"down": {"uv": [5, 5, 6, 6], "texture": "#5"}
			}
		},
		{
			"name": "clothespin9",
			"from": [18, 29, 7.5],
			"to": [19, 32, 8.5],
			"rotation": {"angle": 0, "axis": "y", "origin": [-3, 39, 15]},
			"faces": {
				"north": {"uv": [4, 4, 5, 7], "texture": "#5"},
				"east": {"uv": [5, 4, 6, 7], "texture": "#5"},
				"south": {"uv": [4, 4, 5, 7], "texture": "#5"},
				"west": {"uv": [5, 4, 6, 7], "texture": "#5"},
				"up": {"uv": [4, 4, 5, 5], "texture": "#5"},
				"down": {"uv": [5, 5, 6, 6], "texture": "#5"}
			}
		},
		{
			"name": "clothespin10",
			"from": [26, 29, 7.5],
			"to": [27, 32, 8.5],
			"rotation": {"angle": 0, "axis": "y", "origin": [-3, 39, 15]},
			"faces": {
				"north": {"uv": [4, 4, 5, 7], "texture": "#5"},
				"east": {"uv": [5, 4, 6, 7], "texture": "#5"},
				"south": {"uv": [4, 4, 5, 7], "texture": "#5"},
				"west": {"uv": [5, 4, 6, 7], "texture": "#5"},
				"up": {"uv": [4, 4, 5, 5], "texture": "#5"},
				"down": {"uv": [5, 5, 6, 6], "texture": "#5"}
			}
		}
	],
	"display": {
		"thirdperson_righthand": {
			"scale": [0.2, 0.2, 0.2]
		},
		"thirdperson_lefthand": {
			"scale": [0.2, 0.2, 0.2]
		},
		"firstperson_righthand": {
			"translation": [0, -0.75, 0],
			"scale": [0.2, 0.2, 0.2]
		},
		"firstperson_lefthand": {
			"scale": [0.2, 0.2, 0.2]
		},
		"ground": {
			"translation": [0, -3.25, 0],
			"scale": [0.2, 0.2, 0.2]
		},
		"gui": {
			"rotation": [30, 45, 0],
			"translation": [0, -2, 0],
			"scale": [0.3, 0.3, 0.3]
		},
		"fixed": {
			"rotation": [90, 0, 0],
			"translation": [0, 0, -46],
			"scale": [2, 2, 2]
		}
	}
}