{
	"credit": "Made with Blockbench",
	"textures": {
		"0": "block/white_wool_futontop",
		"1": "block/white_wool_futon",
		"2": "block/white_wool_futon1",
		"particle": "block/white_wool_futontop"
	},
	"elements": [
		{
			"name": "cube1",
			"from": [8, 6, 8],
			"to": [14, 12, 14],
			"rotation": {"angle": 0, "axis": "y", "origin": [10, 8, 10]},
			"faces": {
				"north": {"uv": [0, 0, 6, 12], "texture": "#missing"},
				"east": {"uv": [0, 4, 6, 10], "texture": "#1"},
				"south": {"uv": [10, 4, 16, 10], "texture": "#2"},
				"west": {"uv": [0, 0, 12, 12], "texture": "#missing"},
				"up": {"uv": [10, 10, 16, 16], "texture": "#0"},
				"down": {"uv": [0, 0, 6, 12], "texture": "#missing"}
			}
		},
		{
			"name": "cube2",
			"from": [8, 0, 8],
			"to": [14, 6, 14],
			"rotation": {"angle": 0, "axis": "y", "origin": [10, 2, 10]},
			"faces": {
				"north": {"uv": [0, 0, 6, 12], "texture": "#missing"},
				"east": {"uv": [0, 10, 6, 16], "texture": "#1"},
				"south": {"uv": [10, 2, 16, 8], "texture": "#2"},
				"west": {"uv": [0, 0, 12, 12], "texture": "#missing"},
				"up": {"uv": [10, 10, 16, 16], "texture": "#0"},
				"down": {"uv": [10, 0, 16, 6], "texture": "#0"}
			}
		},
		{
			"name": "cube3",
			"from": [8, 6, 2],
			"to": [14, 12, 8],
			"rotation": {"angle": 0, "axis": "y", "origin": [10, 8, 4]},
			"faces": {
				"north": {"uv": [0, 0, 6, 6], "texture": "#2"},
				"east": {"uv": [10, 4, 16, 10], "texture": "#1"},
				"south": {"uv": [0, 0, 6, 12], "texture": "#missing"},
				"west": {"uv": [0, 0, 12, 12], "texture": "#missing"},
				"up": {"uv": [10, 0, 16, 6], "texture": "#0"},
				"down": {"uv": [0, 0, 6, 12], "texture": "#missing"}
			}
		},
		{
			"name": "cube4",
			"from": [8, 0, 2],
			"to": [14, 6, 8],
			"rotation": {"angle": 0, "axis": "y", "origin": [10, 2, 4]},
			"faces": {
				"north": {"uv": [0, 6, 6, 12], "texture": "#2"},
				"east": {"uv": [10, 10, 16, 16], "texture": "#1"},
				"south": {"uv": [0, 0, 6, 12], "texture": "#missing"},
				"west": {"uv": [0, 0, 12, 12], "texture": "#missing"},
				"up": {"uv": [10, 0, 16, 6], "texture": "#0"},
				"down": {"uv": [10, 10, 16, 16], "texture": "#0"}
			}
		},
		{
			"name": "cube5",
			"from": [2, 6, 8],
			"to": [8, 12, 14],
			"rotation": {"angle": 0, "axis": "y", "origin": [4, 8, 10]},
			"faces": {
				"north": {"uv": [0, 0, 6, 12], "texture": "#missing"},
				"east": {"uv": [0, 0, 6, 12], "texture": "#missing"},
				"south": {"uv": [0, 4, 6, 10], "texture": "#2"},
				"west": {"uv": [10, 0, 16, 6], "texture": "#1"},
				"up": {"uv": [0, 10, 6, 16], "texture": "#0"},
				"down": {"uv": [0, 0, 6, 6], "texture": "#missing"}
			}
		},
		{
			"name": "cube6",
			"from": [2, 0, 8],
			"to": [8, 6, 14],
			"rotation": {"angle": 0, "axis": "y", "origin": [4, 2, 10]},
			"faces": {
				"north": {"uv": [0, 0, 6, 12], "texture": "#missing"},
				"east": {"uv": [0, 0, 6, 12], "texture": "#missing"},
				"south": {"uv": [0, 2, 6, 8], "texture": "#2"},
				"west": {"uv": [10, 6, 16, 12], "texture": "#1"},
				"up": {"uv": [0, 10, 6, 16], "texture": "#0"},
				"down": {"uv": [0, 0, 6, 6], "texture": "#0"}
			}
		},
		{
			"name": "cube7",
			"from": [2, 6, 2],
			"to": [8, 12, 8],
			"rotation": {"angle": 0, "axis": "y", "origin": [4, 8, 4]},
			"faces": {
				"north": {"uv": [10, 0, 16, 6], "texture": "#2"},
				"east": {"uv": [0, 0, 6, 12], "texture": "#missing"},
				"south": {"uv": [0, 0, 6, 12], "texture": "#missing"},
				"west": {"uv": [0, 0, 6, 6], "texture": "#1"},
				"up": {"uv": [0, 0, 6, 6], "texture": "#0"},
				"down": {"uv": [0, 0, 6, 6], "texture": "#missing"}
			}
		},
		{
			"name": "cube8",
			"from": [2, 0, 2],
			"to": [8, 6, 8],
			"rotation": {"angle": 0, "axis": "y", "origin": [4, 2, 4]},
			"faces": {
				"north": {"uv": [10, 6, 16, 12], "texture": "#2"},
				"east": {"uv": [0, 0, 6, 12], "texture": "#missing"},
				"south": {"uv": [0, 0, 6, 12], "texture": "#missing"},
				"west": {"uv": [0, 6, 6, 12], "texture": "#1"},
				"up": {"uv": [0, 0, 6, 6], "texture": "#0"},
				"down": {"uv": [0, 10, 6, 16], "texture": "#0"}
			}
		}
	],
	"display": {
		"thirdperson_righthand": {
			"translation": [0, 0, -2],
			"scale": [0.4, 0.4, 0.4]
		},
		"thirdperson_lefthand": {
			"translation": [0, 0, -2],
			"scale": [0.4, 0.4, 0.4]
		},
		"firstperson_righthand": {
			"scale": [0.4, 0.4, 0.4]
		},
		"firstperson_lefthand": {
			"scale": [0.4, 0.4, 0.4]
		},
		"ground": {
			"translation": [0, -1, 0],
			"scale": [0.4, 0.4, 0.4]
		},
		"gui": {
			"rotation": [30, 45, 0],
			"scale": [0.4, 0.4, 0.4]
		},
		"head": {
			"translation": [0, 13.75, 0]
		},
		"fixed": {
			"rotation": [-90, 0, 0],
			"translation": [0, 0, -14],
			"scale": [2, 2, 2]
		}
	}
}