{
	"credit": "Made with Blockbench",
	"textures": {
		"0": "block/smooth_stone",
		"particle": "block/smooth_stone"
	},
	"elements": [
		{
			"from": [8, 0, 8],
			"to": [14, 1, 14],
			"rotation": {"angle": 0, "axis": "y", "origin": [0, 0, 0]},
			"faces": {
				"north": {"uv": [0, 0, 6, 2], "texture": "#missing"},
				"east": {"uv": [0, 0, 6, 1], "texture": "#0"},
				"south": {"uv": [10, 0, 16, 1], "texture": "#0"},
				"west": {"uv": [0, 0, 6, 2], "texture": "#missing"},
				"up": {"uv": [10, 10, 16, 16], "texture": "#0"},
				"down": {"uv": [10, 0, 16, 6], "texture": "#0"}
			}
		},
		{
			"from": [8, -1, 8],
			"to": [14, 0, 14],
			"rotation": {"angle": 0, "axis": "y", "origin": [0, 0, 0]},
			"faces": {
				"north": {"uv": [0, 0, 6, 2], "texture": "#missing"},
				"east": {"uv": [1, 15, 7, 16], "texture": "#0"},
				"south": {"uv": [9, 15, 15, 16], "texture": "#0"},
				"west": {"uv": [0, 0, 6, 2], "texture": "#missing"},
				"up": {"uv": [10, 10, 16, 16], "texture": "#0"},
				"down": {"uv": [10, 0, 16, 6], "texture": "#0"}
			}
		},
		{
			"from": [2, 0, 8],
			"to": [8, 1, 14],
			"rotation": {"angle": 0, "axis": "y", "origin": [0, 0, 0]},
			"faces": {
				"north": {"uv": [0, 0, 6, 2], "texture": "#missing"},
				"east": {"uv": [0, 0, 6, 2], "texture": "#missing"},
				"south": {"uv": [0, 0, 6, 1], "texture": "#0"},
				"west": {"uv": [10, 0, 16, 1], "texture": "#0"},
				"up": {"uv": [0, 10, 6, 16], "texture": "#0"},
				"down": {"uv": [0, 0, 6, 6], "texture": "#0"}
			}
		},
		{
			"from": [2, -1, 8],
			"to": [8, 0, 14],
			"rotation": {"angle": 0, "axis": "y", "origin": [0, 0, 0]},
			"faces": {
				"north": {"uv": [0, 0, 6, 2], "texture": "#missing"},
				"east": {"uv": [0, 0, 6, 2], "texture": "#missing"},
				"south": {"uv": [1, 15, 7, 16], "texture": "#0"},
				"west": {"uv": [9, 15, 15, 16], "texture": "#0"},
				"up": {"uv": [0, 10, 6, 16], "texture": "#0"},
				"down": {"uv": [0, 0, 6, 6], "texture": "#0"}
			}
		},
		{
			"from": [2, 0, 2],
			"to": [8, 1, 8],
			"rotation": {"angle": 0, "axis": "y", "origin": [0, 0, 0]},
			"faces": {
				"north": {"uv": [10, 0, 16, 1], "texture": "#0"},
				"east": {"uv": [0, 0, 6, 2], "texture": "#missing"},
				"south": {"uv": [0, 0, 6, 2], "texture": "#missing"},
				"west": {"uv": [0, 0, 6, 1], "texture": "#0"},
				"up": {"uv": [0, 0, 6, 6], "texture": "#0"},
				"down": {"uv": [0, 10, 6, 16], "texture": "#0"}
			}
		},
		{
			"from": [2, -1, 2],
			"to": [8, 0, 8],
			"rotation": {"angle": 0, "axis": "y", "origin": [0, 0, 0]},
			"faces": {
				"north": {"uv": [9, 15, 15, 16], "texture": "#0"},
				"east": {"uv": [0, 0, 6, 2], "texture": "#missing"},
				"south": {"uv": [0, 0, 6, 2], "texture": "#missing"},
				"west": {"uv": [1, 15, 7, 16], "texture": "#0"},
				"up": {"uv": [0, 0, 6, 6], "texture": "#0"},
				"down": {"uv": [0, 10, 6, 16], "texture": "#0"}
			}
		},
		{
			"from": [8, 0, 2],
			"to": [14, 1, 8],
			"rotation": {"angle": 0, "axis": "y", "origin": [0, 0, 0]},
			"faces": {
				"north": {"uv": [0, 0, 6, 1], "texture": "#0"},
				"east": {"uv": [10, 0, 16, 1], "texture": "#0"},
				"south": {"uv": [0, 0, 6, 2], "texture": "#missing"},
				"west": {"uv": [0, 0, 6, 2], "texture": "#missing"},
				"up": {"uv": [10, 0, 16, 6], "texture": "#0"},
				"down": {"uv": [10, 10, 16, 16], "texture": "#0"}
			}
		},
		{
			"from": [8, -1, 2],
			"to": [14, 0, 8],
			"rotation": {"angle": 0, "axis": "y", "origin": [0, 0, 0]},
			"faces": {
				"north": {"uv": [1, 15, 7, 16], "texture": "#0"},
				"east": {"uv": [9, 15, 15, 16], "texture": "#0"},
				"south": {"uv": [0, 0, 6, 2], "texture": "#missing"},
				"west": {"uv": [0, 0, 6, 2], "texture": "#missing"},
				"up": {"uv": [10, 0, 16, 6], "texture": "#0"},
				"down": {"uv": [10, 10, 16, 16], "texture": "#0"}
			}
		}
	],
	"display": {
		"thirdperson_righthand": {
			"scale": [0.5, 0.5, 0.5]
		},
		"thirdperson_lefthand": {
			"scale": [0.5, 0.5, 0.5]
		},
		"ground": {
			"scale": [0.5, 0.5, 0.5]
		},
		"gui": {
			"rotation": [45, 45, 0],
			"scale": [0.5, 0.5, 0.5]
		},
		"head": {
			"translation": [0, 14.5, 0]
		},
		"fixed": {
			"rotation": [-90, 0, 0],
			"translation": [0, 0, -14],
			"scale": [2, 2, 2]
		}
	}
}