{
	"credit": "Made with Blockbench",
	"textures": {
		"0": "block/smooth_stone",
		"particle": "block/smooth_stone"
	},
	"elements": [
		{
			"from": [2, -1, 2],
			"to": [14, 1, 14],
			"rotation": {"angle": 0, "axis": "y", "origin": [0, 0, 0]},
			"faces": {
				"north": {"uv": [2, 1, 14, 3], "rotation": 180, "texture": "#0"},
				"east": {"uv": [13, 2, 15, 14], "rotation": 90, "texture": "#0"},
				"south": {"uv": [2, 13, 14, 15], "texture": "#0"},
				"west": {"uv": [1, 2, 3, 14], "rotation": 270, "texture": "#0"},
				"up": {"uv": [2, 2, 14, 14], "texture": "#0"},
				"down": {"uv": [2, 2, 14, 14], "texture": "#0"}
			}
		}
	],
	"display": {
		"thirdperson_righthand": {
			"scale": [0.5, 0.5, 0.5]
		},
		"thirdperson_lefthand": {
			"scale": [0.5, 0.5, 0.5]
		},
		"ground": {
			"scale": [0.5, 0.5, 0.5]
		},
		"gui": {
			"rotation": [45, 45, 0],
			"scale": [0.5, 0.5, 0.5]
		},
		"head": {
			"translation": [0, 14.5, 0]
		},
		"fixed": {
			"rotation": [-90, 0, 0],
			"translation": [0, 0, -14],
			"scale": [2, 2, 2]
		}
	}
}