{
	"credit": "Made with Blockbench",
	"textures": {
		"1": "block/cobblestone"
	},
	"elements": [
		{
			"from": [1, -1, 1],
			"to": [8, 1, 8],
			"rotation": {"angle": 0, "axis": "y", "origin": [0, 0, 0]},
			"faces": {
				"north": {"uv": [1, 0, 8, 2], "rotation": 180, "texture": "#1"},
				"east": {"uv": [7, 1, 9, 8], "rotation": 90, "texture": "#1"},
				"south": {"uv": [1, 7, 8, 9], "texture": "#1"},
				"west": {"uv": [0, 1, 2, 8], "rotation": 270, "texture": "#1"},
				"up": {"uv": [1, 1, 8, 8], "texture": "#1"},
				"down": {"uv": [8, 1, 15, 8], "texture": "#1"}
			}
		},
		{
			"from": [10, -1, 1],
			"to": [15, 1, 7],
			"rotation": {"angle": 0, "axis": "y", "origin": [0, 0, 0]},
			"faces": {
				"north": {"uv": [9, 0, 15, 2], "rotation": 180, "texture": "#1"},
				"east": {"uv": [14, 1, 16, 7], "rotation": 90, "texture": "#1"},
				"south": {"uv": [9, 6, 15, 8], "texture": "#1"},
				"west": {"uv": [8, 1, 10, 7], "rotation": 270, "texture": "#1"},
				"up": {"uv": [9, 1, 15, 7], "texture": "#1"},
				"down": {"uv": [1, 1, 6, 7], "texture": "#1"}
			}
		},
		{
			"from": [7, -1, 9],
			"to": [15, 1, 15],
			"rotation": {"angle": 0, "axis": "y", "origin": [0, 0, 0]},
			"faces": {
				"north": {"uv": [7, 8, 15, 10], "rotation": 180, "texture": "#1"},
				"east": {"uv": [14, 9, 16, 15], "rotation": 90, "texture": "#1"},
				"south": {"uv": [7, 14, 15, 16], "texture": "#1"},
				"west": {"uv": [6, 9, 8, 15], "rotation": 270, "texture": "#1"},
				"up": {"uv": [7, 9, 15, 15], "texture": "#1"},
				"down": {"uv": [1, 9, 9, 15], "texture": "#1"}
			}
		},
		{
			"from": [1, -1, 10],
			"to": [5, 1, 15],
			"rotation": {"angle": 0, "axis": "y", "origin": [0, 0, 0]},
			"faces": {
				"north": {"uv": [1, 9, 5, 11], "rotation": 180, "texture": "#1"},
				"east": {"uv": [4, 10, 6, 15], "rotation": 90, "texture": "#1"},
				"south": {"uv": [1, 14, 5, 16], "texture": "#1"},
				"west": {"uv": [0, 10, 2, 15], "rotation": 270, "texture": "#1"},
				"up": {"uv": [1, 10, 5, 15], "texture": "#1"},
				"down": {"uv": [11, 10, 15, 15], "texture": "#1"}
			}
		}
	],
	"display": {
		"thirdperson_righthand": {
			"scale": [0.5, 0.5, 0.5]
		},
		"thirdperson_lefthand": {
			"scale": [0.5, 0.5, 0.5]
		},
		"ground": {
			"scale": [0.5, 0.5, 0.5]
		},
		"gui": {
			"rotation": [45, 45, 0],
			"scale": [0.5, 0.5, 0.5]
		},
		"head": {
			"translation": [0, 14.5, 0]
		},
		"fixed": {
			"rotation": [-90, 0, 0],
			"translation": [0, 0, -14],
			"scale": [2, 2, 2]
		}
	}
}