{
	"credit": "Made with Blockbench",
	"textures": {
		"0": "block/stripped_oak_log",
		"1": "block/basket_orange_d",
		"particle": "block/stripped_oak_log"
	},
	"elements": [
		{
			"from": [4, 0, -12],
			"to": [12, 1, 0],
			"rotation": {"angle": 0, "axis": "y", "origin": [23, 8, -6]},
			"faces": {
				"north": {"uv": [4, 4, 12, 5], "rotation": 180, "texture": "#0"},
				"east": {"uv": [11, 4, 12, 16], "rotation": 90, "texture": "#0"},
				"south": {"uv": [11, 14, 15, 15], "texture": "#0"},
				"west": {"uv": [4, 4, 5, 16], "rotation": 270, "texture": "#0"},
				"up": {"uv": [4, 4, 12, 16], "texture": "#0"},
				"down": {"uv": [4, 4, 12, 16], "rotation": 180, "texture": "#0"}
			}
		},
		{
			"from": [3, 0, 13],
			"to": [13, 1, 15],
			"rotation": {"angle": 0, "axis": "y", "origin": [8, 8, 19]},
			"faces": {
				"north": {"uv": [3, 13, 13, 14], "texture": "#0"},
				"east": {"uv": [6, 1, 7, 6], "rotation": 90, "texture": "#0"},
				"south": {"uv": [3, 14, 13, 15], "texture": "#0"},
				"west": {"uv": [0, 0, 1, 1], "texture": "#missing"},
				"up": {"uv": [3, 13, 13, 15], "texture": "#0"},
				"down": {"uv": [3, 13, 13, 15], "texture": "#0"}
			}
		},
		{
			"from": [3, 0, -15],
			"to": [13, 1, -13],
			"rotation": {"angle": 0, "axis": "y", "origin": [8, 8, -11]},
			"faces": {
				"north": {"uv": [3, 1, 13, 2], "rotation": 180, "texture": "#0"},
				"east": {"uv": [6, 1, 7, 6], "rotation": 90, "texture": "#0"},
				"south": {"uv": [3, 1, 13, 2], "texture": "#0"},
				"west": {"uv": [0, 0, 1, 1], "texture": "#missing"},
				"up": {"uv": [3, 1, 13, 3], "texture": "#0"},
				"down": {"uv": [3, 1, 13, 3], "texture": "#0"}
			}
		},
		{
			"from": [1, 0.02, -2],
			"to": [2, 0.02, 2],
			"rotation": {"angle": 0, "axis": "y", "origin": [9, 8, 6]},
			"faces": {
				"north": {"uv": [2, 3.33333, 6, 4.33333], "texture": "#1"},
				"east": {"uv": [2, 3.33333, 6, 4.33333], "texture": "#1"},
				"south": {"uv": [2, 3.33333, 6, 4.33333], "texture": "#1"},
				"west": {"uv": [2, 3.33333, 6, 4.33333], "texture": "#1"},
				"up": {"uv": [2, 3.33333, 6, 4.33333], "texture": "#1"},
				"down": {"uv": [2, 3.33333, 6, 4.33333], "texture": "#1"}
			}
		},
		{
			"from": [2, 0, 0],
			"to": [3, 1, 15],
			"rotation": {"angle": 0, "axis": "y", "origin": [13, 8, 7]},
			"faces": {
				"north": {"uv": [6, 0, 7, 15], "texture": "#0"},
				"east": {"uv": [6, 0, 7, 15], "rotation": 90, "texture": "#0"},
				"south": {"uv": [6, 14, 7, 15], "texture": "#0"},
				"west": {"uv": [6, 0, 7, 15], "rotation": 270, "texture": "#0"},
				"up": {"uv": [6, 0, 7, 15], "texture": "#0"},
				"down": {"uv": [6, 0, 7, 15], "texture": "#0"}
			}
		},
		{
			"from": [1, 0, 2],
			"to": [2, 1, 15],
			"rotation": {"angle": 0, "axis": "y", "origin": [12, 8, 7]},
			"faces": {
				"north": {"uv": [5, 2, 6, 3], "texture": "#0"},
				"east": {"uv": [5, 2, 6, 15], "texture": "#0"},
				"south": {"uv": [5, 14, 6, 15], "texture": "#0"},
				"west": {"uv": [5, 2, 6, 15], "rotation": 270, "texture": "#0"},
				"up": {"uv": [5, 2, 6, 15], "texture": "#0"},
				"down": {"uv": [5, 2, 6, 15], "texture": "#0"}
			}
		},
		{
			"from": [1, 0, -15],
			"to": [2, 1, -2],
			"rotation": {"angle": 0, "axis": "y", "origin": [12, 8, -10]},
			"faces": {
				"north": {"uv": [5, 1, 6, 2], "texture": "#0"},
				"east": {"uv": [5, 1, 6, 14], "texture": "#0"},
				"south": {"uv": [5, 13, 6, 14], "texture": "#0"},
				"west": {"uv": [5, 1, 6, 14], "rotation": 270, "texture": "#0"},
				"up": {"uv": [5, 1, 6, 14], "texture": "#0"},
				"down": {"uv": [5, 1, 6, 14], "texture": "#0"}
			}
		},
		{
			"from": [3, 0, 0],
			"to": [4, 0.5, 12],
			"rotation": {"angle": 0, "axis": "y", "origin": [14, 8, 7]},
			"faces": {
				"north": {"uv": [5, 1, 6, 2], "texture": "#0"},
				"east": {"uv": [5, 1, 6, 15], "rotation": 90, "texture": "#0"},
				"south": {"uv": [5, 14, 6, 15], "texture": "#0"},
				"west": {"uv": [6, 1, 7, 15], "rotation": 90, "texture": "#0"},
				"up": {"uv": [0, 0, 1, 12], "texture": "#0"},
				"down": {"uv": [0, 0, 1, 12], "texture": "#0"}
			}
		},
		{
			"from": [12, 0, 0],
			"to": [13, 0.5, 12],
			"rotation": {"angle": 0, "axis": "y", "origin": [23, 8, 7]},
			"faces": {
				"north": {"uv": [5, 1, 6, 2], "texture": "#0"},
				"east": {"uv": [5, 1, 6, 15], "rotation": 90, "texture": "#0"},
				"south": {"uv": [5, 14, 6, 15], "texture": "#0"},
				"west": {"uv": [6, 1, 7, 15], "rotation": 90, "texture": "#0"},
				"up": {"uv": [0, 0, 1, 12], "texture": "#0"},
				"down": {"uv": [0, 0, 1, 12], "texture": "#0"}
			}
		},
		{
			"from": [3, 0, 12],
			"to": [13, 0.5, 13],
			"rotation": {"angle": 0, "axis": "y", "origin": [23, 8, 7]},
			"faces": {
				"north": {"uv": [5, 1, 6, 2], "texture": "#0"},
				"east": {"uv": [5, 1, 6, 15], "rotation": 90, "texture": "#0"},
				"south": {"uv": [5, 14, 6, 15], "texture": "#0"},
				"west": {"uv": [6, 1, 7, 15], "rotation": 90, "texture": "#0"},
				"up": {"uv": [0, 0, 1, 13], "rotation": 90, "texture": "#0"},
				"down": {"uv": [0, 6, 1, 16], "rotation": 90, "texture": "#0"}
			}
		},
		{
			"from": [3, 0, -13],
			"to": [13, 0.5, -12],
			"rotation": {"angle": 0, "axis": "y", "origin": [23, 8, -18]},
			"faces": {
				"north": {"uv": [5, 1, 6, 2], "texture": "#0"},
				"east": {"uv": [5, 1, 6, 15], "rotation": 90, "texture": "#0"},
				"south": {"uv": [5, 14, 6, 15], "texture": "#0"},
				"west": {"uv": [6, 1, 7, 15], "rotation": 90, "texture": "#0"},
				"up": {"uv": [0, 0, 1, 13], "rotation": 90, "texture": "#0"},
				"down": {"uv": [0, 6, 1, 16], "rotation": 90, "texture": "#0"}
			}
		},
		{
			"from": [13, 0, 0],
			"to": [14, 1, 15],
			"rotation": {"angle": 0, "axis": "y", "origin": [24, 8, 7]},
			"faces": {
				"north": {"uv": [9, 0, 10, 15], "texture": "#0"},
				"east": {"uv": [9, 0, 10, 15], "texture": "#0"},
				"south": {"uv": [9, 14, 10, 15], "texture": "#0"},
				"west": {"uv": [9, 0, 10, 15], "rotation": 270, "texture": "#0"},
				"up": {"uv": [9, 0, 10, 15], "texture": "#0"},
				"down": {"uv": [9, 0, 10, 15], "texture": "#0"}
			}
		},
		{
			"from": [14, 0, 0],
			"to": [15, 1, 15],
			"rotation": {"angle": 0, "axis": "y", "origin": [25, 8, 7]},
			"faces": {
				"north": {"uv": [5, 1, 6, 2], "texture": "#0"},
				"east": {"uv": [10, 0, 11, 15], "rotation": 90, "texture": "#0"},
				"south": {"uv": [10, 14, 11, 15], "texture": "#0"},
				"west": {"uv": [6, 1, 7, 15], "rotation": 90, "texture": "#0"},
				"up": {"uv": [10, 0, 11, 15], "texture": "#0"},
				"down": {"uv": [10, 0, 11, 15], "texture": "#0"}
			}
		},
		{
			"from": [2, 0, -15],
			"to": [3, 1, 0],
			"rotation": {"angle": 0, "axis": "y", "origin": [13, 8, -6]},
			"faces": {
				"north": {"uv": [6, 1, 7, 2], "texture": "#0"},
				"east": {"uv": [6, 1, 7, 16], "rotation": 90, "texture": "#0"},
				"south": {"uv": [6, 1, 7, 16], "texture": "#0"},
				"west": {"uv": [6, 1, 7, 16], "rotation": 270, "texture": "#0"},
				"up": {"uv": [6, 1, 7, 16], "texture": "#0"},
				"down": {"uv": [6, 1, 7, 16], "texture": "#0"}
			}
		},
		{
			"from": [3, 0, -12],
			"to": [4, 0.5, 0],
			"rotation": {"angle": 0, "axis": "y", "origin": [14, 8, -6]},
			"faces": {
				"north": {"uv": [10, 1, 11, 2], "texture": "#0"},
				"east": {"uv": [9, 1, 10, 15], "rotation": 90, "texture": "#0"},
				"south": {"uv": [10, 14, 11, 15], "texture": "#0"},
				"west": {"uv": [10, 1, 11, 15], "rotation": 270, "texture": "#0"},
				"up": {"uv": [0, 0, 1, 12], "texture": "#0"},
				"down": {"uv": [0, 4, 1, 16], "texture": "#0"}
			}
		},
		{
			"from": [12, 0, -12],
			"to": [13, 0.5, 0],
			"rotation": {"angle": 0, "axis": "y", "origin": [23, 8, -6]},
			"faces": {
				"north": {"uv": [10, 1, 11, 2], "texture": "#0"},
				"east": {"uv": [9, 1, 10, 15], "rotation": 90, "texture": "#0"},
				"south": {"uv": [10, 14, 11, 15], "texture": "#0"},
				"west": {"uv": [10, 1, 11, 15], "rotation": 270, "texture": "#0"},
				"up": {"uv": [0, 0, 1, 12], "texture": "#0"},
				"down": {"uv": [0, 4, 1, 16], "texture": "#0"}
			}
		},
		{
			"from": [13, 0, -15],
			"to": [14, 1, 0],
			"rotation": {"angle": 0, "axis": "y", "origin": [24, 8, -6]},
			"faces": {
				"north": {"uv": [9, 1, 10, 2], "texture": "#0"},
				"east": {"uv": [9, 1, 10, 16], "texture": "#0"},
				"south": {"uv": [9, 1, 10, 16], "texture": "#0"},
				"west": {"uv": [9, 1, 10, 16], "rotation": 270, "texture": "#0"},
				"up": {"uv": [9, 1, 10, 16], "texture": "#0"},
				"down": {"uv": [9, 1, 10, 16], "texture": "#0"}
			}
		},
		{
			"from": [14, 0, -15],
			"to": [15, 1, 0],
			"rotation": {"angle": 0, "axis": "y", "origin": [25, 8, -6]},
			"faces": {
				"north": {"uv": [10, 1, 11, 2], "texture": "#0"},
				"east": {"uv": [10, 1, 11, 16], "rotation": 90, "texture": "#0"},
				"south": {"uv": [10, 14, 11, 15], "texture": "#0"},
				"west": {"uv": [10, 1, 11, 15], "rotation": 270, "texture": "#0"},
				"up": {"uv": [10, 1, 11, 16], "texture": "#0"},
				"down": {"uv": [10, 1, 11, 16], "texture": "#0"}
			}
		},
		{
			"from": [4, 0, 0],
			"to": [12, 1, 12],
			"rotation": {"angle": 0, "axis": "y", "origin": [14, 8, 9]},
			"faces": {
				"north": {"uv": [1, 1, 5, 2], "rotation": 180, "texture": "#0"},
				"east": {"uv": [11, 0, 12, 12], "rotation": 90, "texture": "#0"},
				"south": {"uv": [4, 11, 12, 12], "texture": "#0"},
				"west": {"uv": [4, 0, 5, 12], "rotation": 270, "texture": "#0"},
				"up": {"uv": [4, 0, 12, 12], "texture": "#0"},
				"down": {"uv": [4, 0, 12, 12], "rotation": 180, "texture": "#0"}
			}
		}
	],
	"gui_light": "front",
	"display": {
		"thirdperson_righthand": {
			"translation": [0, 2, -3],
			"scale": [0.5, 0.5, 0.5]
		},
		"thirdperson_lefthand": {
			"translation": [0, 2, -3],
			"scale": [0.5, 0.5, 0.5]
		},
		"firstperson_righthand": {
			"translation": [8, 0, 14]
		},
		"firstperson_lefthand": {
			"translation": [8, 0, 14]
		},
		"ground": {
			"scale": [0.5, 0.5, 0.5]
		},
		"gui": {
			"rotation": [90, 0, 0],
			"translation": [0, -4, 0],
			"scale": [0.5, 0.5, 0.5]
		},
		"head": {
			"translation": [0, 14.5, 0]
		},
		"fixed": {
			"rotation": [90, 0, -180],
			"translation": [0, 0, -14],
			"scale": [2, 2, 2]
		}
	},
	"groups": [
		{
			"name": "group",
			"origin": [13, 8, 9],
			"children": [0, 1, 2, 3, 4, 5, 6, 7, 8, 9, 10, 11, 12, 13, 14, 15, 16, 17, 18]
		}
	]
}