{
	"credit": "Made with Blockbench",
	"textures": {
		"0": "block/oldtv",
		"1": "block/oldradio",
		"3": "block/wood",
		"4": "block/stripped_dark_oak_log_a",
		"particle": "block/oldtv"
	},
	"elements": [
		{
			"from": [3, 5.5, 14.01],
			"to": [13, 14.5, 14.01],
			"faces": {
				"north": {"uv": [0, 0, 14, 12], "texture": "#missing"},
				"east": {"uv": [0, 0, 0, 12], "texture": "#missing"},
				"south": {"uv": [1, 1, 11, 10], "texture": "#0"},
				"west": {"uv": [0, 0, 0, 12], "texture": "#missing"},
				"up": {"uv": [0, 0, 14, 0], "texture": "#missing"},
				"down": {"uv": [0, 0, 14, 0], "texture": "#missing"}
			}
		},
		{
			"from": [3, 2, 15.01],
			"to": [13, 4, 15.01],
			"faces": {
				"north": {"uv": [0, 0, 14, 12], "texture": "#missing"},
				"east": {"uv": [0, 0, 0, 12], "texture": "#missing"},
				"south": {"uv": [0, 13, 10, 15], "texture": "#1"},
				"west": {"uv": [0, 0, 0, 12], "texture": "#missing"},
				"up": {"uv": [0, 0, 14, 0], "texture": "#missing"},
				"down": {"uv": [0, 0, 14, 0], "texture": "#missing"}
			}
		},
		{
			"from": [2, 5, 1],
			"to": [14, 15, 14],
			"faces": {
				"north": {"uv": [2, 1, 14, 11], "texture": "#3"},
				"east": {"uv": [3, 0, 16, 10], "texture": "#0"},
				"south": {"uv": [0, 0, 12, 10], "texture": "#1"},
				"west": {"uv": [3, 1, 16, 11], "rotation": 180, "texture": "#0"},
				"up": {"uv": [2, 0, 14, 13], "texture": "#0"},
				"down": {"uv": [0, 0, 12, 13], "texture": "#missing"}
			}
		},
		{
			"from": [2, 1, 1],
			"to": [14, 5, 15],
			"faces": {
				"north": {"uv": [2, 11, 14, 15], "texture": "#3"},
				"east": {"uv": [2, 7, 16, 11], "texture": "#0"},
				"south": {"uv": [12, 2, 16, 14], "rotation": 90, "texture": "#4"},
				"west": {"uv": [2, 6, 16, 10], "rotation": 180, "texture": "#0"},
				"up": {"uv": [2, 1, 16, 13], "rotation": 90, "texture": "#1"},
				"down": {"uv": [2, 0, 14, 14], "rotation": 180, "texture": "#0"}
			}
		},
		{
			"from": [2, 0, 2],
			"to": [14, 1, 15],
			"faces": {
				"north": {"uv": [2, 15, 14, 16], "texture": "#3"},
				"east": {"uv": [0, 0, 13, 1], "texture": "#missing"},
				"south": {"uv": [15, 0, 16, 12], "rotation": 90, "texture": "#1"},
				"west": {"uv": [0, 0, 13, 1], "texture": "#missing"},
				"up": {"uv": [0, 0, 12, 13], "texture": "#missing"},
				"down": {"uv": [2, 1, 14, 14], "texture": "#3"}
			}
		},
		{
			"from": [2, 15, 2],
			"to": [14, 16, 15],
			"faces": {
				"north": {"uv": [2, 0, 14, 1], "texture": "#3"},
				"east": {"uv": [0, 0, 13, 1], "texture": "#missing"},
				"south": {"uv": [2, 0, 14, 1], "texture": "#3"},
				"west": {"uv": [0, 0, 13, 1], "texture": "#missing"},
				"up": {"uv": [2, 2, 14, 15], "texture": "#3"},
				"down": {"uv": [3, 2, 16, 14], "rotation": 270, "texture": "#1"}
			}
		},
		{
			"from": [14, 0, 2],
			"to": [15, 16, 15],
			"faces": {
				"north": {"uv": [0, 0, 1, 16], "texture": "#3"},
				"east": {"uv": [2, 0, 15, 16], "texture": "#3"},
				"south": {"uv": [8, 0, 9, 16], "texture": "#3"},
				"west": {"uv": [3, 0, 16, 16], "texture": "#1"},
				"up": {"uv": [15, 2, 16, 15], "texture": "#3"},
				"down": {"uv": [15, 1, 16, 14], "texture": "#3"}
			}
		},
		{
			"from": [1, 0, 2],
			"to": [2, 16, 15],
			"faces": {
				"north": {"uv": [0, 0, 1, 16], "texture": "#3"},
				"east": {"uv": [3, 0, 16, 16], "rotation": 180, "texture": "#1"},
				"south": {"uv": [7, 0, 8, 16], "texture": "#3"},
				"west": {"uv": [1, 0, 14, 16], "texture": "#3"},
				"up": {"uv": [0, 2, 1, 15], "texture": "#3"},
				"down": {"uv": [0, 1, 1, 14], "texture": "#3"}
			}
		},
		{
			"from": [3, 2, 14.5],
			"to": [5, 4, 15.5],
			"faces": {
				"north": {"uv": [0, 0, 2, 2], "texture": "#missing"},
				"east": {"uv": [13, 4, 14, 6], "texture": "#0"},
				"south": {"uv": [12, 4, 14, 6], "texture": "#0"},
				"west": {"uv": [12, 4, 13, 6], "texture": "#0"},
				"up": {"uv": [12, 4, 14, 5], "texture": "#0"},
				"down": {"uv": [12, 5, 14, 6], "texture": "#0"}
			}
		},
		{
			"from": [11, 2, 14.5],
			"to": [13, 4, 15.5],
			"faces": {
				"north": {"uv": [0, 0, 2, 2], "texture": "#missing"},
				"east": {"uv": [13, 4, 14, 6], "texture": "#0"},
				"south": {"uv": [12, 4, 14, 6], "texture": "#0"},
				"west": {"uv": [12, 4, 13, 6], "texture": "#0"},
				"up": {"uv": [12, 4, 14, 5], "texture": "#0"},
				"down": {"uv": [12, 5, 14, 6], "texture": "#0"}
			}
		},
		{
			"from": [0.98, 10, 5],
			"to": [0.98, 13, 12],
			"faces": {
				"north": {"uv": [0, 0, 0, 4], "texture": "#missing"},
				"east": {"uv": [0, 0, 7, 4], "texture": "#missing"},
				"south": {"uv": [0, 0, 0, 4], "texture": "#missing"},
				"west": {"uv": [1, 12, 8, 15], "rotation": 180, "texture": "#1"},
				"up": {"uv": [0, 0, 0, 7], "texture": "#missing"},
				"down": {"uv": [0, 0, 0, 7], "texture": "#missing"}
			}
		},
		{
			"from": [0.99, 9.5, 4],
			"to": [0.99, 13.5, 13],
			"faces": {
				"north": {"uv": [0, 0, 0, 4], "texture": "#missing"},
				"east": {"uv": [0, 0, 7, 4], "texture": "#missing"},
				"south": {"uv": [0, 0, 0, 4], "texture": "#missing"},
				"west": {"uv": [11, 1, 15, 10], "rotation": 90, "texture": "#0"},
				"up": {"uv": [0, 0, 0, 7], "texture": "#missing"},
				"down": {"uv": [0, 0, 0, 7], "texture": "#missing"}
			}
		},
		{
			"from": [0.99, 8.5, 4],
			"to": [0.99, 9.5, 13],
			"faces": {
				"north": {"uv": [0, 0, 0, 4], "texture": "#missing"},
				"east": {"uv": [0, 0, 7, 4], "texture": "#missing"},
				"south": {"uv": [0, 0, 0, 4], "texture": "#missing"},
				"west": {"uv": [14, 1, 15, 10], "rotation": 90, "texture": "#0"},
				"up": {"uv": [0, 0, 0, 7], "texture": "#missing"},
				"down": {"uv": [0, 0, 0, 7], "texture": "#missing"}
			}
		},
		{
			"from": [15.01, 2, 11],
			"to": [15.01, 8, 12],
			"faces": {
				"north": {"uv": [0, 0, 0, 6], "texture": "#missing"},
				"east": {"uv": [15, 7, 16, 13], "texture": "#4"},
				"south": {"uv": [0, 0, 0, 6], "texture": "#missing"},
				"west": {"uv": [0, 0, 1, 6], "texture": "#missing"},
				"up": {"uv": [0, 0, 0, 1], "texture": "#missing"},
				"down": {"uv": [0, 0, 0, 1], "texture": "#missing"}
			}
		},
		{
			"from": [15.01, 2, 9],
			"to": [15.01, 8, 10],
			"faces": {
				"north": {"uv": [0, 0, 0, 6], "texture": "#missing"},
				"east": {"uv": [15, 7, 16, 13], "texture": "#4"},
				"south": {"uv": [0, 0, 0, 6], "texture": "#missing"},
				"west": {"uv": [0, 0, 1, 6], "texture": "#missing"},
				"up": {"uv": [0, 0, 0, 1], "texture": "#missing"},
				"down": {"uv": [0, 0, 0, 1], "texture": "#missing"}
			}
		},
		{
			"from": [15.01, 2, 7],
			"to": [15.01, 8, 8],
			"faces": {
				"north": {"uv": [0, 0, 0, 6], "texture": "#missing"},
				"east": {"uv": [15, 7, 16, 13], "texture": "#4"},
				"south": {"uv": [0, 0, 0, 6], "texture": "#missing"},
				"west": {"uv": [0, 0, 1, 6], "texture": "#missing"},
				"up": {"uv": [0, 0, 0, 1], "texture": "#missing"},
				"down": {"uv": [0, 0, 0, 1], "texture": "#missing"}
			}
		},
		{
			"from": [15.01, 2, 5],
			"to": [15.01, 8, 6],
			"faces": {
				"north": {"uv": [0, 0, 0, 6], "texture": "#missing"},
				"east": {"uv": [15, 7, 16, 13], "texture": "#4"},
				"south": {"uv": [0, 0, 0, 6], "texture": "#missing"},
				"west": {"uv": [0, 0, 1, 6], "texture": "#missing"},
				"up": {"uv": [0, 0, 0, 1], "texture": "#missing"},
				"down": {"uv": [0, 0, 0, 1], "texture": "#missing"}
			}
		},
		{
			"from": [6, 2, 0.99],
			"to": [13, 5, 0.99],
			"faces": {
				"north": {"uv": [1, 12, 8, 15], "texture": "#1"},
				"east": {"uv": [0, 0, 0, 3], "texture": "#missing"},
				"south": {"uv": [0, 0, 7, 3], "texture": "#missing"},
				"west": {"uv": [0, 0, 0, 3], "texture": "#missing"},
				"up": {"uv": [0, 0, 7, 0], "texture": "#missing"},
				"down": {"uv": [0, 0, 7, 0], "texture": "#missing"}
			}
		},
		{
			"from": [3, 2.5, 0.99],
			"to": [5, 4.5, 0.99],
			"faces": {
				"north": {"uv": [0, 8, 2, 10], "texture": "#4"},
				"east": {"uv": [0, 0, 0, 3], "texture": "#missing"},
				"south": {"uv": [0, 0, 7, 3], "texture": "#missing"},
				"west": {"uv": [0, 0, 0, 3], "texture": "#missing"},
				"up": {"uv": [0, 0, 7, 0], "texture": "#missing"},
				"down": {"uv": [0, 0, 7, 0], "texture": "#missing"}
			}
		}
	],
	"display": {
		"thirdperson_righthand": {
			"translation": [0, 0, -3],
			"scale": [0.5, 0.5, 0.5]
		},
		"thirdperson_lefthand": {
			"translation": [0, 0, -3],
			"scale": [0.5, 0.5, 0.5]
		},
		"firstperson_righthand": {
			"scale": [0.5, 0.5, 0.5]
		},
		"firstperson_lefthand": {
			"scale": [0.5, 0.5, 0.5]
		},
		"ground": {
			"scale": [0.5, 0.5, 0.5]
		},
		"gui": {
			"rotation": [30, 45, 0],
			"scale": [0.5, 0.5, 0.5]
		},
		"head": {
			"translation": [0, 14, 0]
		},
		"fixed": {
			"rotation": [-90, -180, 0],
			"translation": [0, 0, -14],
			"scale": [2, 2, 2]
		}
	}
}