{
	"credit": "Made with Blockbench",
	"textures": {
		"0": "block/oldtv",
		"1": "block/basket_laundry_side",
		"particle": "block/oldtv"
	},
	"elements": [
		{
			"from": [1, 0, 1],
			"to": [5, 1, 5],
			"rotation": {"angle": 0, "axis": "y", "origin": [9, 8, 9]},
			"faces": {
				"north": {"uv": [11, 14, 15, 15], "texture": "#1"},
				"east": {"uv": [11, 14, 15, 15], "texture": "#1"},
				"south": {"uv": [1, 14, 5, 15], "texture": "#1"},
				"west": {"uv": [11, 14, 15, 15], "texture": "#1"},
				"up": {"uv": [1, 2, 5, 6], "texture": "#1"},
				"down": {"uv": [11, 11, 15, 15], "rotation": 90, "texture": "#1"}
			}
		},
		{
			"from": [1, 1, 1],
			"to": [2, 6, 5],
			"rotation": {"angle": 0, "axis": "y", "origin": [9, 9, 9]},
			"faces": {
				"north": {"uv": [14, 1, 15, 6], "texture": "#1"},
				"east": {"uv": [11, 1, 15, 6], "texture": "#1"},
				"south": {"uv": [1, 1, 2, 6], "texture": "#1"},
				"west": {"uv": [11, 1, 15, 6], "texture": "#1"},
				"up": {"uv": [3, 1, 7, 2], "rotation": 90, "texture": "#1"},
				"down": {"uv": [0, 0, 1, 4], "texture": "#missing"}
			}
		},
		{
			"from": [4, 1, 1],
			"to": [5, 6, 5],
			"rotation": {"angle": 0, "axis": "y", "origin": [12, 9, 9]},
			"faces": {
				"north": {"uv": [1, 1, 2, 6], "texture": "#1"},
				"east": {"uv": [11, 1, 15, 6], "texture": "#1"},
				"south": {"uv": [14, 1, 15, 6], "texture": "#1"},
				"west": {"uv": [11, 1, 15, 6], "texture": "#1"},
				"up": {"uv": [3, 1, 7, 2], "rotation": 270, "texture": "#1"},
				"down": {"uv": [0, 0, 1, 4], "texture": "#missing"}
			}
		},
		{
			"from": [2, 1, 1],
			"to": [4, 6, 2],
			"rotation": {"angle": 0, "axis": "y", "origin": [10, 9, 9]},
			"faces": {
				"north": {"uv": [4, 1, 6, 6], "texture": "#1"},
				"east": {"uv": [0, 0, 1, 5], "texture": "#missing"},
				"south": {"uv": [2, 1, 4, 6], "texture": "#1"},
				"west": {"uv": [0, 0, 1, 5], "texture": "#missing"},
				"up": {"uv": [12, 1, 14, 2], "texture": "#1"},
				"down": {"uv": [0, 0, 2, 1], "texture": "#missing"}
			}
		},
		{
			"from": [2, 1, 4],
			"to": [4, 6, 5],
			"rotation": {"angle": 0, "axis": "y", "origin": [10, 9, 12]},
			"faces": {
				"north": {"uv": [2, 1, 4, 6], "texture": "#1"},
				"east": {"uv": [0, 0, 1, 5], "texture": "#missing"},
				"south": {"uv": [4, 1, 6, 6], "texture": "#1"},
				"west": {"uv": [0, 0, 1, 5], "texture": "#missing"},
				"up": {"uv": [12, 1, 14, 2], "texture": "#1"},
				"down": {"uv": [0, 0, 2, 1], "texture": "#missing"}
			}
		},
		{
			"from": [0, 4, 3],
			"to": [1, 12, 4],
			"rotation": {"angle": 22.5, "axis": "z", "origin": [8, 12, 11]},
			"faces": {
				"north": {"uv": [13, 2, 14, 10], "texture": "#0"},
				"east": {"uv": [13, 2, 14, 10], "texture": "#0"},
				"south": {"uv": [13, 2, 14, 10], "texture": "#0"},
				"west": {"uv": [13, 2, 14, 10], "texture": "#0"},
				"up": {"uv": [13, 2, 14, 3], "texture": "#0"},
				"down": {"uv": [13, 9, 14, 10], "texture": "#0"}
			}
		},
		{
			"from": [3, 4, 0],
			"to": [4, 12, 1],
			"rotation": {"angle": -22.5, "axis": "x", "origin": [11, 12, 8]},
			"faces": {
				"north": {"uv": [12, 4, 13, 12], "rotation": 180, "texture": "#0"},
				"east": {"uv": [12, 4, 13, 12], "rotation": 180, "texture": "#0"},
				"south": {"uv": [12, 4, 13, 12], "rotation": 180, "texture": "#0"},
				"west": {"uv": [12, 4, 13, 12], "rotation": 180, "texture": "#0"},
				"up": {"uv": [12, 11, 13, 12], "rotation": 180, "texture": "#0"},
				"down": {"uv": [12, 4, 13, 5], "rotation": 180, "texture": "#0"}
			}
		}
	],
	"display": {
		"thirdperson_righthand": {
			"translation": [2.5, 1, 1.5],
			"scale": [0.5, 0.5, 0.5]
		},
		"thirdperson_lefthand": {
			"translation": [-2.5, 1, 1.5],
			"scale": [0.5, 0.5, 0.5]
		},
		"firstperson_righthand": {
			"translation": [12, 0, 0]
		},
		"ground": {
			"scale": [0.5, 0.5, 0.5]
		},
		"gui": {
			"rotation": [30, -45, 0],
			"translation": [0, -0.5, 0]
		},
		"head": {
			"translation": [5, 14.25, 5.5]
		},
		"fixed": {
			"rotation": [-90, 0, 0],
			"translation": [0, 0, -14],
			"scale": [2, 2, 2]
		}
	}
}