{
	"credit": "Made with Blockbench",
	"textures": {
		"0": "block/flower_pot2",
		"1": "block/flower_pot1",
		"particle": "block/flower_pot2"
	},
	"elements": [
		{
			"from": [1, 0, 6],
			"to": [5, 4, 10],
			"rotation": {"angle": 0, "axis": "y", "origin": [0, 0, 4]},
			"faces": {
				"north": {"uv": [0, 2, 4, 6], "texture": "#1"},
				"east": {"uv": [1, 2, 5, 6], "texture": "#1"},
				"south": {"uv": [0, 2, 4, 6], "texture": "#1"},
				"west": {"uv": [1, 2, 5, 6], "texture": "#1"},
				"up": {"uv": [5, 0, 10, 5], "rotation": 180, "texture": "#0"},
				"down": {"uv": [0, 0, 4, 4], "texture": "#0"}
			}
		},
		{
			"from": [6, 0, 6],
			"to": [10, 4, 10],
			"rotation": {"angle": 0, "axis": "y", "origin": [0, 0, 4]},
			"faces": {
				"north": {"uv": [1, 2, 5, 6], "texture": "#1"},
				"east": {"uv": [0, 2, 4, 6], "texture": "#1"},
				"south": {"uv": [1, 2, 5, 6], "texture": "#1"},
				"west": {"uv": [0, 2, 4, 6], "texture": "#1"},
				"up": {"uv": [5, 0, 10, 5], "rotation": 90, "texture": "#0"},
				"down": {"uv": [1, 1, 5, 5], "texture": "#0"}
			}
		},
		{
			"from": [11, 0, 6],
			"to": [15, 4, 10],
			"rotation": {"angle": 0, "axis": "y", "origin": [0, 0, 4]},
			"faces": {
				"north": {"uv": [0, 2, 4, 6], "texture": "#1"},
				"east": {"uv": [1, 2, 5, 6], "texture": "#1"},
				"south": {"uv": [0, 2, 4, 6], "texture": "#1"},
				"west": {"uv": [1, 2, 5, 6], "texture": "#1"},
				"up": {"uv": [5, 0, 10, 5], "texture": "#0"},
				"down": {"uv": [0, 1, 4, 5], "texture": "#0"}
			}
		},
		{
			"from": [-0.5, 4, 7.5],
			"to": [5.5, 8, 7.5],
			"rotation": {"angle": 45, "axis": "y", "origin": [3, 0, 8]},
			"faces": {
				"north": {"uv": [0, 11, 6, 15], "texture": "#0"},
				"east": {"uv": [0, 0, 0, 4], "texture": "#missing"},
				"south": {"uv": [0, 11, 6, 15], "texture": "#0"},
				"west": {"uv": [0, 0, 0, 4], "texture": "#missing"},
				"up": {"uv": [0, 0, 6, 0], "texture": "#missing"},
				"down": {"uv": [0, 0, 6, 0], "texture": "#missing"}
			}
		},
		{
			"from": [5, 4, 7.5],
			"to": [11, 9, 7.5],
			"rotation": {"angle": 45, "axis": "y", "origin": [8, 0, 8]},
			"faces": {
				"north": {"uv": [0, 10, 6, 15], "texture": "#1"},
				"east": {"uv": [0, 0, 0, 4], "texture": "#missing"},
				"south": {"uv": [0, 10, 6, 15], "texture": "#1"},
				"west": {"uv": [0, 0, 0, 4], "texture": "#missing"},
				"up": {"uv": [0, 0, 6, 0], "texture": "#missing"},
				"down": {"uv": [0, 0, 6, 0], "texture": "#missing"}
			}
		},
		{
			"from": [10, 4, 7.5],
			"to": [16, 7, 7.5],
			"rotation": {"angle": 45, "axis": "y", "origin": [13, 0, 8]},
			"faces": {
				"north": {"uv": [0, 8, 6, 11], "texture": "#0"},
				"east": {"uv": [0, 0, 0, 4], "texture": "#missing"},
				"south": {"uv": [0, 8, 6, 11], "texture": "#0"},
				"west": {"uv": [0, 0, 0, 4], "texture": "#missing"},
				"up": {"uv": [0, 0, 6, 0], "texture": "#missing"},
				"down": {"uv": [0, 0, 6, 0], "texture": "#missing"}
			}
		},
		{
			"from": [1.5, 4, 8.5],
			"to": [5.5, 6, 8.5],
			"rotation": {"angle": 45, "axis": "y", "origin": [3, 0, 8]},
			"faces": {
				"north": {"uv": [12, 9, 16, 11], "texture": "#0"},
				"east": {"uv": [0, 0, 0, 3], "texture": "#missing"},
				"south": {"uv": [12, 9, 16, 11], "texture": "#0"},
				"west": {"uv": [0, 0, 0, 3], "texture": "#missing"},
				"up": {"uv": [0, 0, 6, 0], "texture": "#missing"},
				"down": {"uv": [0, 0, 6, 0], "texture": "#missing"}
			}
		},
		{
			"from": [5.5, 4, 8.5],
			"to": [11.5, 7, 8.5],
			"rotation": {"angle": 45, "axis": "y", "origin": [8, 0, 8]},
			"faces": {
				"north": {"uv": [6, 8, 12, 11], "texture": "#0"},
				"east": {"uv": [0, 0, 0, 3], "texture": "#missing"},
				"south": {"uv": [6, 8, 12, 11], "texture": "#0"},
				"west": {"uv": [0, 0, 0, 3], "texture": "#missing"},
				"up": {"uv": [0, 0, 6, 0], "texture": "#missing"},
				"down": {"uv": [0, 0, 6, 0], "texture": "#missing"}
			}
		},
		{
			"from": [11.5, 4, 8.5],
			"to": [15.5, 7, 8.5],
			"rotation": {"angle": 45, "axis": "y", "origin": [13, 0, 8]},
			"faces": {
				"north": {"uv": [12, 4, 16, 7], "texture": "#0"},
				"east": {"uv": [0, 0, 0, 3], "texture": "#missing"},
				"south": {"uv": [12, 8, 16, 11], "texture": "#0"},
				"west": {"uv": [0, 0, 0, 3], "texture": "#missing"},
				"up": {"uv": [0, 0, 6, 0], "texture": "#missing"},
				"down": {"uv": [0, 0, 6, 0], "texture": "#missing"}
			}
		},
		{
			"from": [3.5, 4, 5.25],
			"to": [3.5, 7, 11.25],
			"rotation": {"angle": 45, "axis": "y", "origin": [3, 0, 8]},
			"faces": {
				"north": {"uv": [0, 0, 0, 4], "texture": "#missing"},
				"east": {"uv": [0, 8, 6, 11], "texture": "#0"},
				"south": {"uv": [0, 0, 0, 4], "texture": "#missing"},
				"west": {"uv": [0, 8, 6, 11], "texture": "#0"},
				"up": {"uv": [0, 0, 0, 6], "texture": "#missing"},
				"down": {"uv": [0, 0, 0, 6], "texture": "#missing"}
			}
		},
		{
			"from": [8.5, 4, 5.5],
			"to": [8.5, 9, 11.5],
			"rotation": {"angle": 45, "axis": "y", "origin": [8, 0, 8]},
			"faces": {
				"north": {"uv": [0, 0, 0, 4], "texture": "#missing"},
				"east": {"uv": [6, 9, 12, 14], "texture": "#0"},
				"south": {"uv": [0, 0, 0, 4], "texture": "#missing"},
				"west": {"uv": [6, 9, 12, 14], "texture": "#0"},
				"up": {"uv": [0, 0, 0, 6], "texture": "#missing"},
				"down": {"uv": [0, 0, 0, 6], "texture": "#missing"}
			}
		},
		{
			"from": [13.5, 4, 5],
			"to": [13.5, 8, 11],
			"rotation": {"angle": 45, "axis": "y", "origin": [13, 0, 8]},
			"faces": {
				"north": {"uv": [0, 0, 0, 4], "texture": "#missing"},
				"east": {"uv": [0, 11, 6, 15], "texture": "#0"},
				"south": {"uv": [0, 0, 0, 4], "texture": "#missing"},
				"west": {"uv": [0, 11, 6, 15], "texture": "#0"},
				"up": {"uv": [0, 0, 0, 6], "texture": "#missing"},
				"down": {"uv": [0, 0, 0, 6], "texture": "#missing"}
			}
		},
		{
			"from": [2.5, 4, 4.5],
			"to": [2.5, 7, 10.5],
			"rotation": {"angle": 45, "axis": "y", "origin": [3, 0, 8]},
			"faces": {
				"north": {"uv": [0, 0, 0, 3], "texture": "#missing"},
				"east": {"uv": [10, 5, 16, 8], "texture": "#0"},
				"south": {"uv": [0, 0, 0, 3], "texture": "#missing"},
				"west": {"uv": [10, 5, 16, 8], "texture": "#0"},
				"up": {"uv": [0, 0, 0, 6], "texture": "#missing"},
				"down": {"uv": [0, 0, 0, 6], "texture": "#missing"}
			}
		},
		{
			"from": [7.5, 4, 4.5],
			"to": [7.5, 7, 10.5],
			"rotation": {"angle": 45, "axis": "y", "origin": [8, 0, 8]},
			"faces": {
				"north": {"uv": [0, 0, 0, 3], "texture": "#missing"},
				"east": {"uv": [6, 8, 12, 11], "texture": "#0"},
				"south": {"uv": [0, 0, 0, 3], "texture": "#missing"},
				"west": {"uv": [0, 13, 6, 16], "texture": "#1"},
				"up": {"uv": [0, 0, 0, 6], "texture": "#missing"},
				"down": {"uv": [0, 0, 0, 6], "texture": "#missing"}
			}
		},
		{
			"from": [12.5, 4, 5.5],
			"to": [12.5, 7, 9.5],
			"rotation": {"angle": 45, "axis": "y", "origin": [13, 0, 8]},
			"faces": {
				"north": {"uv": [0, 0, 0, 3], "texture": "#missing"},
				"east": {"uv": [12, 9, 16, 12], "texture": "#0"},
				"south": {"uv": [0, 0, 0, 3], "texture": "#missing"},
				"west": {"uv": [12, 9, 16, 12], "texture": "#0"},
				"up": {"uv": [0, 0, 0, 6], "texture": "#missing"},
				"down": {"uv": [0, 0, 0, 6], "texture": "#missing"}
			}
		}
	],
	"display": {
		"thirdperson_righthand": {
			"translation": [0, 0, -1],
			"scale": [0.5, 0.5, 0.5]
		},
		"thirdperson_lefthand": {
			"translation": [0, 0, -1],
			"scale": [0.5, 0.5, 0.5]
		},
		"firstperson_righthand": {
			"scale": [0.5, 0.5, 0.5]
		},
		"firstperson_lefthand": {
			"scale": [0.5, 0.5, 0.5]
		},
		"ground": {
			"scale": [0.5, 0.5, 0.5]
		},
		"gui": {
			"rotation": [30, 45, 0],
			"translation": [0, 2, 0]
		},
		"head": {
			"translation": [0, 14, 0]
		},
		"fixed": {
			"rotation": [-90, 0, 0],
			"translation": [0, 0, -14],
			"scale": [2, 2, 2]
		}
	}
}