{
	"credit": "Made with Blockbench",
	"textures": {
		"0": "block/flower_pot1",
		"1": "block/flower_pot2",
		"particle": "block/flower_pot1"
	},
	"elements": [
		{
			"from": [2, 0, 5.5],
			"to": [7, 3, 10.5],
			"rotation": {"angle": 0, "axis": "y", "origin": [0, 0, 3.5]},
			"faces": {
				"north": {"uv": [0, 0, 5, 3], "texture": "#0"},
				"east": {"uv": [0, 3, 5, 6], "texture": "#0"},
				"south": {"uv": [0, 0, 5, 3], "texture": "#0"},
				"west": {"uv": [0, 3, 5, 6], "texture": "#0"},
				"down": {"uv": [0, 0, 5, 5], "texture": "#1"}
			}
		},
		{
			"from": [9, 0, 5.5],
			"to": [14, 3, 10.5],
			"rotation": {"angle": 0, "axis": "y", "origin": [0, 0, 3.5]},
			"faces": {
				"north": {"uv": [0, 3, 5, 6], "texture": "#0"},
				"east": {"uv": [0, 0, 5, 3], "texture": "#0"},
				"south": {"uv": [0, 3, 5, 6], "texture": "#0"},
				"west": {"uv": [0, 0, 5, 3], "texture": "#0"},
				"down": {"uv": [0, 0, 5, 5], "texture": "#1"}
			}
		},
		{
			"from": [1.5, 3, 5],
			"to": [7.5, 5, 11],
			"rotation": {"angle": 0, "axis": "y", "origin": [0, 0, 3.5]},
			"faces": {
				"north": {"uv": [5, 5, 11, 7], "texture": "#0"},
				"east": {"uv": [5, 6, 11, 8], "texture": "#0"},
				"south": {"uv": [5, 5, 11, 7], "texture": "#0"},
				"west": {"uv": [5, 6, 11, 8], "texture": "#0"},
				"up": {"uv": [5, 0, 11, 6], "texture": "#0"},
				"down": {"uv": [5, 0, 11, 6], "texture": "#0"}
			}
		},
		{
			"from": [8.5, 3, 5],
			"to": [14.5, 5, 11],
			"rotation": {"angle": 0, "axis": "y", "origin": [0, 0, 3.5]},
			"faces": {
				"north": {"uv": [5, 6, 11, 8], "texture": "#0"},
				"east": {"uv": [5, 5, 11, 7], "texture": "#0"},
				"south": {"uv": [5, 6, 11, 8], "texture": "#0"},
				"west": {"uv": [5, 5, 11, 7], "texture": "#0"},
				"up": {"uv": [5, 0, 11, 6], "texture": "#0"},
				"down": {"uv": [5, 0, 11, 6], "texture": "#0"}
			}
		},
		{
			"from": [8, 5, 8],
			"to": [15, 12, 8],
			"rotation": {"angle": 22.5, "axis": "y", "origin": [11.5, 0, 8]},
			"faces": {
				"north": {"uv": [9, 9, 16, 16], "texture": "#0"},
				"east": {"uv": [0, 0, 0, 7], "texture": "#missing"},
				"south": {"uv": [9, 9, 16, 16], "texture": "#0"},
				"west": {"uv": [0, 0, 0, 7], "texture": "#missing"},
				"up": {"uv": [0, 0, 7, 0], "texture": "#missing"},
				"down": {"uv": [0, 0, 7, 0], "texture": "#missing"}
			}
		},
		{
			"from": [0, 5, 7.5],
			"to": [9, 13, 7.5],
			"rotation": {"angle": 45, "axis": "y", "origin": [4.5, 0, 8]},
			"faces": {
				"north": {"uv": [0, 8, 9, 16], "texture": "#0"},
				"east": {"uv": [0, 0, 0, 7], "texture": "#missing"},
				"south": {"uv": [0, 8, 9, 16], "texture": "#0"},
				"west": {"uv": [0, 0, 0, 7], "texture": "#missing"},
				"up": {"uv": [0, 0, 7, 0], "texture": "#missing"},
				"down": {"uv": [0, 0, 7, 0], "texture": "#missing"}
			}
		},
		{
			"from": [2, 5, 6.5],
			"to": [7, 10, 6.5],
			"rotation": {"angle": 45, "axis": "y", "origin": [4.5, 0, 8]},
			"faces": {
				"north": {"uv": [11, 1, 16, 5], "texture": "#0"},
				"east": {"uv": [0, 0, 0, 7], "texture": "#missing"},
				"south": {"uv": [11, 1, 16, 5], "texture": "#0"},
				"west": {"uv": [0, 0, 0, 7], "texture": "#missing"},
				"up": {"uv": [0, 0, 7, 0], "texture": "#missing"},
				"down": {"uv": [0, 0, 7, 0], "texture": "#missing"}
			}
		},
		{
			"from": [11.5, 5, 4.5],
			"to": [11.5, 12, 11.5],
			"rotation": {"angle": 22.5, "axis": "y", "origin": [11.5, 0, 8]},
			"faces": {
				"north": {"uv": [0, 0, 0, 7], "texture": "#missing"},
				"east": {"uv": [9, 9, 16, 16], "texture": "#0"},
				"south": {"uv": [0, 0, 0, 7], "texture": "#missing"},
				"west": {"uv": [9, 9, 16, 16], "texture": "#0"},
				"up": {"uv": [0, 0, 0, 7], "texture": "#missing"},
				"down": {"uv": [0, 0, 0, 7], "texture": "#missing"}
			}
		},
		{
			"from": [5.5, 5, 4.25],
			"to": [5.5, 11, 10.25],
			"rotation": {"angle": 45, "axis": "y", "origin": [4.5, 0, 8]},
			"faces": {
				"north": {"uv": [0, 0, 0, 7], "texture": "#missing"},
				"east": {"uv": [1, 10, 7, 16], "texture": "#0"},
				"south": {"uv": [0, 0, 0, 7], "texture": "#missing"},
				"west": {"uv": [1, 10, 7, 16], "texture": "#0"},
				"up": {"uv": [0, 0, 0, 7], "texture": "#missing"},
				"down": {"uv": [0, 0, 0, 7], "texture": "#missing"}
			}
		},
		{
			"from": [4.5, 5, 5.5],
			"to": [4.5, 11, 10.5],
			"rotation": {"angle": 45, "axis": "y", "origin": [4.5, 0, 8]},
			"faces": {
				"north": {"uv": [0, 0, 0, 7], "texture": "#missing"},
				"east": {"uv": [11, 0, 16, 5], "texture": "#0"},
				"south": {"uv": [0, 0, 0, 7], "texture": "#missing"},
				"west": {"uv": [11, 0, 16, 5], "texture": "#0"},
				"up": {"uv": [0, 0, 0, 7], "texture": "#missing"},
				"down": {"uv": [0, 0, 0, 7], "texture": "#missing"}
			}
		},
		{
			"from": [10, 7, 3.5],
			"to": [12, 13, 3.5],
			"rotation": {"angle": 45, "axis": "x", "origin": [0, 0, 3.5]},
			"faces": {
				"north": {"uv": [14, 10, 16, 16], "texture": "#0"},
				"east": {"uv": [0, 0, 0, 6], "texture": "#missing"},
				"south": {"uv": [14, 10, 16, 16], "texture": "#0"},
				"west": {"uv": [0, 0, 0, 6], "texture": "#missing"},
				"up": {"uv": [0, 0, 2, 0], "texture": "#missing"},
				"down": {"uv": [0, 0, 2, 0], "texture": "#missing"}
			}
		},
		{
			"from": [11, 0, 10.5],
			"to": [13, 6, 10.5],
			"rotation": {"angle": -45, "axis": "x", "origin": [0, 0, 3.5]},
			"faces": {
				"north": {"uv": [9, 9, 11, 15], "texture": "#0"},
				"east": {"uv": [0, 0, 0, 6], "texture": "#missing"},
				"south": {"uv": [14, 9, 16, 15], "texture": "#0"},
				"west": {"uv": [0, 0, 0, 6], "texture": "#missing"},
				"up": {"uv": [0, 0, 2, 0], "texture": "#missing"},
				"down": {"uv": [0, 0, 2, 0], "texture": "#missing"}
			}
		},
		{
			"from": [8, 3, 7.5],
			"to": [8, 8, 9.5],
			"rotation": {"angle": -45, "axis": "z", "origin": [12, 0, 8.5]},
			"faces": {
				"north": {"uv": [0, 0, 0, 5], "texture": "#missing"},
				"east": {"uv": [9, 10, 11, 15], "texture": "#0"},
				"south": {"uv": [0, 0, 0, 5], "texture": "#missing"},
				"west": {"uv": [14, 10, 16, 15], "texture": "#0"},
				"up": {"uv": [0, 0, 0, 2], "texture": "#missing"},
				"down": {"uv": [0, 0, 0, 2], "texture": "#missing"}
			}
		},
		{
			"from": [15, 4, 6.5],
			"to": [15, 9, 8.5],
			"rotation": {"angle": 45, "axis": "z", "origin": [12, 0, 8.5]},
			"faces": {
				"north": {"uv": [0, 0, 0, 5], "texture": "#missing"},
				"east": {"uv": [14, 10, 16, 15], "texture": "#0"},
				"south": {"uv": [0, 0, 0, 5], "texture": "#missing"},
				"west": {"uv": [9, 10, 11, 15], "texture": "#0"},
				"up": {"uv": [0, 0, 0, 2], "texture": "#missing"},
				"down": {"uv": [0, 0, 0, 2], "texture": "#missing"}
			}
		}
	],
	"display": {
		"thirdperson_righthand": {
			"translation": [0, 0, -1.25],
			"scale": [0.5, 0.5, 0.5]
		},
		"thirdperson_lefthand": {
			"translation": [0, 0, -1.25],
			"scale": [0.5, 0.5, 0.5]
		},
		"firstperson_righthand": {
			"scale": [0.5, 0.5, 0.5]
		},
		"firstperson_lefthand": {
			"scale": [0.5, 0.5, 0.5]
		},
		"ground": {
			"scale": [0.5, 0.5, 0.5]
		},
		"gui": {
			"rotation": [30, 45, 0],
			"translation": [0, 2, 0]
		},
		"head": {
			"translation": [0, 14, 0]
		},
		"fixed": {
			"rotation": [-90, 0, 0],
			"translation": [0, 0, -14],
			"scale": [2, 2, 2]
		}
	}
}