{
	"credit": "Made with Blockbench",
	"textures": {
		"0": "block/flower_pot1",
		"1": "block/flower_pot2",
		"particle": "block/flower_pot1"
	},
	"elements": [
		{
			"from": [2, 0, 5.5],
			"to": [7, 3, 10.5],
			"rotation": {"angle": 0, "axis": "y", "origin": [0, 0, 3.5]},
			"faces": {
				"north": {"uv": [0, 0, 5, 3], "texture": "#0"},
				"east": {"uv": [0, 3, 5, 6], "texture": "#0"},
				"south": {"uv": [0, 0, 5, 3], "texture": "#0"},
				"west": {"uv": [0, 3, 5, 6], "texture": "#0"},
				"up": {"uv": [0, 0, 5, 5], "texture": "#missing"},
				"down": {"uv": [0, 0, 5, 5], "texture": "#1"}
			}
		},
		{
			"from": [9, 0, 5.5],
			"to": [14, 3, 10.5],
			"rotation": {"angle": 0, "axis": "y", "origin": [0, 0, 3.5]},
			"faces": {
				"north": {"uv": [0, 3, 5, 6], "texture": "#0"},
				"east": {"uv": [0, 0, 5, 3], "texture": "#0"},
				"south": {"uv": [0, 3, 5, 6], "texture": "#0"},
				"west": {"uv": [0, 0, 5, 3], "texture": "#0"},
				"up": {"uv": [0, 0, 5, 5], "texture": "#missing"},
				"down": {"uv": [0, 0, 5, 5], "texture": "#1"}
			}
		},
		{
			"from": [1.5, 3, 5],
			"to": [7.5, 5, 11],
			"rotation": {"angle": 0, "axis": "y", "origin": [0, 0, 3.5]},
			"faces": {
				"north": {"uv": [5, 6, 11, 8], "texture": "#0"},
				"east": {"uv": [5, 6, 11, 8], "texture": "#0"},
				"south": {"uv": [5, 6, 11, 8], "texture": "#0"},
				"west": {"uv": [5, 6, 11, 8], "texture": "#0"},
				"up": {"uv": [5, 0, 11, 6], "texture": "#0"},
				"down": {"uv": [5, 0, 11, 6], "texture": "#0"}
			}
		},
		{
			"from": [8.5, 3, 5],
			"to": [14.5, 5, 11],
			"rotation": {"angle": 0, "axis": "y", "origin": [0, 0, 3.5]},
			"faces": {
				"north": {"uv": [5, 6, 11, 8], "texture": "#0"},
				"east": {"uv": [5, 6, 11, 8], "texture": "#0"},
				"south": {"uv": [5, 6, 11, 8], "texture": "#0"},
				"west": {"uv": [5, 6, 11, 8], "texture": "#0"},
				"up": {"uv": [5, 0, 11, 6], "texture": "#0"},
				"down": {"uv": [5, 0, 11, 6], "texture": "#0"}
			}
		},
		{
			"from": [9, 5, 8],
			"to": [14, 9, 8],
			"rotation": {"angle": 22.5, "axis": "y", "origin": [11.5, 0, 8]},
			"faces": {
				"north": {"uv": [11, 5, 16, 9], "texture": "#0"},
				"east": {"uv": [0, 0, 0, 7], "texture": "#missing"},
				"south": {"uv": [11, 5, 16, 9], "texture": "#0"},
				"west": {"uv": [0, 0, 0, 7], "texture": "#missing"},
				"up": {"uv": [0, 0, 7, 0], "texture": "#missing"},
				"down": {"uv": [0, 0, 7, 0], "texture": "#missing"}
			}
		},
		{
			"from": [4, 5, 5.5],
			"to": [4, 8, 10.5],
			"rotation": {"angle": 45, "axis": "y", "origin": [4.5, 0, 8]},
			"faces": {
				"north": {"uv": [0, 0, 0, 7], "texture": "#missing"},
				"east": {"uv": [11, 0, 16, 3], "texture": "#0"},
				"south": {"uv": [0, 0, 0, 7], "texture": "#missing"},
				"west": {"uv": [11, 0, 16, 3], "texture": "#0"},
				"up": {"uv": [0, 0, 7, 0], "rotation": 90, "texture": "#missing"},
				"down": {"uv": [0, 0, 7, 0], "rotation": 270, "texture": "#missing"}
			}
		},
		{
			"from": [5, 5, 5.5],
			"to": [5, 8, 10.5],
			"rotation": {"angle": 45, "axis": "y", "origin": [4.5, 0, 8]},
			"faces": {
				"north": {"uv": [0, 0, 0, 7], "texture": "#missing"},
				"east": {"uv": [11, 1, 16, 4], "texture": "#0"},
				"south": {"uv": [0, 0, 0, 7], "texture": "#missing"},
				"west": {"uv": [11, 1, 16, 4], "texture": "#0"},
				"up": {"uv": [0, 0, 7, 0], "rotation": 90, "texture": "#missing"},
				"down": {"uv": [0, 0, 7, 0], "rotation": 270, "texture": "#missing"}
			}
		},
		{
			"from": [11.5, 5, 5.5],
			"to": [11.5, 9, 10.5],
			"rotation": {"angle": 22.5, "axis": "y", "origin": [11.5, 0, 8]},
			"faces": {
				"north": {"uv": [0, 0, 0, 7], "texture": "#missing"},
				"east": {"uv": [11, 5, 16, 9], "texture": "#0"},
				"south": {"uv": [0, 0, 0, 7], "texture": "#missing"},
				"west": {"uv": [11, 5, 16, 9], "texture": "#0"},
				"up": {"uv": [0, 0, 0, 7], "texture": "#missing"},
				"down": {"uv": [0, 0, 0, 7], "texture": "#missing"}
			}
		},
		{
			"from": [2, 6, 7.5],
			"to": [7, 11, 7.5],
			"rotation": {"angle": 45, "axis": "y", "origin": [4.5, 0, 8]},
			"faces": {
				"north": {"uv": [11, 0, 16, 5], "texture": "#0"},
				"east": {"uv": [0, 0, 0, 7], "texture": "#missing"},
				"south": {"uv": [11, 0, 16, 5], "texture": "#0"},
				"west": {"uv": [0, 0, 0, 7], "texture": "#missing"},
				"up": {"uv": [0, 0, 0, 7], "rotation": 90, "texture": "#missing"},
				"down": {"uv": [0, 0, 0, 7], "rotation": 270, "texture": "#missing"}
			}
		},
		{
			"from": [2, 5, 8.5],
			"to": [7, 9, 8.5],
			"rotation": {"angle": 45, "axis": "y", "origin": [4.5, 0, 8]},
			"faces": {
				"north": {"uv": [11, 1, 16, 5], "texture": "#0"},
				"east": {"uv": [0, 0, 0, 7], "texture": "#missing"},
				"south": {"uv": [11, 1, 16, 5], "texture": "#0"},
				"west": {"uv": [0, 0, 0, 7], "texture": "#missing"},
				"up": {"uv": [0, 0, 0, 7], "rotation": 90, "texture": "#missing"},
				"down": {"uv": [0, 0, 0, 7], "rotation": 270, "texture": "#missing"}
			}
		}
	],
	"display": {
		"thirdperson_righthand": {
			"translation": [0, 0, -1.25],
			"scale": [0.5, 0.5, 0.5]
		},
		"thirdperson_lefthand": {
			"translation": [0, 0, -1.25],
			"scale": [0.5, 0.5, 0.5]
		},
		"firstperson_righthand": {
			"scale": [0.5, 0.5, 0.5]
		},
		"firstperson_lefthand": {
			"scale": [0.5, 0.5, 0.5]
		},
		"ground": {
			"scale": [0.5, 0.5, 0.5]
		},
		"gui": {
			"rotation": [30, 45, 0],
			"translation": [0, 2, 0]
		},
		"head": {
			"translation": [0, 14, 0]
		},
		"fixed": {
			"rotation": [-90, 0, 0],
			"translation": [0, 0, -14],
			"scale": [2, 2, 2]
		}
	}
}