{
	"credit": "Made with Blockbench",
	"textures": {
		"0": "block/glass_cup",
		"particle": "block/glass_cup"
	},
	"elements": [
		{
			"from": [3, 6, 6],
			"to": [6, 7, 9],
			"rotation": {"angle": 0, "axis": "y", "origin": [11, 14, 12]},
			"faces": {
				"north": {"uv": [1, 0, 4, 1], "texture": "#0"},
				"east": {"uv": [1, 0, 4, 1], "texture": "#0"},
				"south": {"uv": [1, 0, 4, 1], "texture": "#0"},
				"west": {"uv": [1, 0, 4, 1], "texture": "#0"},
				"up": {"uv": [1, 6, 4, 9], "texture": "#0"},
				"down": {"uv": [1, 6, 4, 9], "texture": "#0"}
			}
		},
		{
			"from": [10, 6, 6],
			"to": [13, 7, 9],
			"rotation": {"angle": 0, "axis": "y", "origin": [11, 14, 12]},
			"faces": {
				"north": {"uv": [1, 0, 4, 1], "texture": "#0"},
				"east": {"uv": [1, 0, 4, 1], "texture": "#0"},
				"south": {"uv": [1, 0, 4, 1], "texture": "#0"},
				"west": {"uv": [1, 0, 4, 1], "texture": "#0"},
				"up": {"uv": [1, 6, 4, 9], "texture": "#0"},
				"down": {"uv": [1, 6, 4, 9], "texture": "#0"}
			}
		},
		{
			"from": [3, 7.5, 6],
			"to": [6, 8.5, 9],
			"rotation": {"angle": 0, "axis": "y", "origin": [12, 16, 11]},
			"faces": {
				"north": {"uv": [1, 0, 4, 1], "texture": "#0"},
				"east": {"uv": [1, 0, 4, 1], "texture": "#0"},
				"south": {"uv": [1, 0, 4, 1], "texture": "#0"},
				"west": {"uv": [1, 0, 4, 1], "texture": "#0"},
				"up": {"uv": [1, 6, 4, 9], "texture": "#0"},
				"down": {"uv": [1, 6, 4, 9], "texture": "#0"}
			}
		},
		{
			"from": [10, 7.5, 6],
			"to": [13, 8.5, 9],
			"rotation": {"angle": 0, "axis": "y", "origin": [12, 16, 11]},
			"faces": {
				"north": {"uv": [1, 0, 4, 1], "texture": "#0"},
				"east": {"uv": [1, 0, 4, 1], "texture": "#0"},
				"south": {"uv": [1, 0, 4, 1], "texture": "#0"},
				"west": {"uv": [1, 0, 4, 1], "texture": "#0"},
				"up": {"uv": [1, 6, 4, 9], "texture": "#0"},
				"down": {"uv": [1, 6, 4, 9], "texture": "#0"}
			}
		},
		{
			"from": [3.5, 7, 6.5],
			"to": [5.5, 8, 8.5],
			"rotation": {"angle": 0, "axis": "y", "origin": [11, 15, 11]},
			"faces": {
				"north": {"uv": [4, 0, 6, 1], "texture": "#0"},
				"east": {"uv": [4, 0, 6, 1], "texture": "#0"},
				"south": {"uv": [4, 0, 6, 1], "texture": "#0"},
				"west": {"uv": [4, 0, 6, 1], "texture": "#0"},
				"up": {"uv": [6, 1, 8, 3], "texture": "#0"},
				"down": {"uv": [6, 1, 8, 3], "texture": "#0"}
			}
		},
		{
			"from": [10.5, 7, 6.5],
			"to": [12.5, 8, 8.5],
			"rotation": {"angle": 0, "axis": "y", "origin": [11, 15, 11]},
			"faces": {
				"north": {"uv": [4, 0, 6, 1], "texture": "#0"},
				"east": {"uv": [4, 0, 6, 1], "texture": "#0"},
				"south": {"uv": [4, 0, 6, 1], "texture": "#0"},
				"west": {"uv": [4, 0, 6, 1], "texture": "#0"},
				"up": {"uv": [6, 1, 8, 3], "texture": "#0"},
				"down": {"uv": [6, 1, 8, 3], "texture": "#0"}
			}
		},
		{
			"from": [2, 0, 5],
			"to": [7, 6, 10],
			"rotation": {"angle": 0, "axis": "y", "origin": [10, 8, 9]},
			"faces": {
				"north": {"uv": [0, 4, 5, 10], "rotation": 180, "texture": "#0"},
				"east": {"uv": [0, 4, 5, 10], "rotation": 180, "texture": "#0"},
				"south": {"uv": [0, 4, 5, 10], "rotation": 180, "texture": "#0"},
				"west": {"uv": [0, 4, 5, 10], "rotation": 180, "texture": "#0"},
				"up": {"uv": [0, 0, 5, 5], "texture": "#0"},
				"down": {"uv": [0, 0, 5, 5], "texture": "#0"}
			}
		},
		{
			"from": [9, 0, 5],
			"to": [14, 6, 10],
			"rotation": {"angle": 0, "axis": "y", "origin": [10, 8, 9]},
			"faces": {
				"north": {"uv": [0, 4, 5, 10], "rotation": 180, "texture": "#0"},
				"east": {"uv": [0, 4, 5, 10], "rotation": 180, "texture": "#0"},
				"south": {"uv": [0, 4, 5, 10], "rotation": 180, "texture": "#0"},
				"west": {"uv": [0, 4, 5, 10], "rotation": 180, "texture": "#0"},
				"up": {"uv": [0, 0, 5, 5], "texture": "#0"},
				"down": {"uv": [0, 0, 5, 5], "texture": "#0"}
			}
		},
		{
			"from": [3, 3, 10.01],
			"to": [6, 5, 10.01],
			"rotation": {"angle": 0, "axis": "y", "origin": [11, 11, 14]},
			"faces": {
				"north": {"uv": [14, 13, 16, 16], "rotation": 90, "texture": "#0"},
				"east": {"uv": [0, 0, 0, 2], "texture": "#missing"},
				"south": {"uv": [14, 13, 16, 16], "rotation": 90, "texture": "#0"},
				"west": {"uv": [0, 0, 0, 2], "texture": "#missing"},
				"up": {"uv": [0, 0, 3, 0], "texture": "#missing"},
				"down": {"uv": [0, 0, 3, 0], "texture": "#missing"}
			}
		},
		{
			"from": [10, 3, 10.01],
			"to": [13, 5, 10.01],
			"rotation": {"angle": 0, "axis": "y", "origin": [18, 11, 14]},
			"faces": {
				"north": {"uv": [14, 13, 16, 16], "rotation": 270, "texture": "#0"},
				"east": {"uv": [0, 0, 0, 2], "texture": "#missing"},
				"south": {"uv": [14, 13, 16, 16], "rotation": 270, "texture": "#0"},
				"west": {"uv": [0, 0, 0, 2], "texture": "#missing"},
				"up": {"uv": [0, 0, 3, 0], "texture": "#missing"},
				"down": {"uv": [0, 0, 3, 0], "texture": "#missing"}
			}
		},
		{
			"name": "inside1",
			"from": [3, 1, 6],
			"to": [6, 5.5, 9],
			"rotation": {"angle": 0, "axis": "y", "origin": [11, 9, 10]},
			"faces": {
				"north": {"uv": [9, 0, 12, 3], "texture": "#0"},
				"east": {"uv": [9, 0, 12, 3], "texture": "#0"},
				"south": {"uv": [9, 0, 12, 3], "texture": "#0"},
				"west": {"uv": [9, 0, 12, 3], "texture": "#0"},
				"up": {"uv": [9, 0, 12, 3], "texture": "#0"},
				"down": {"uv": [9, 0, 12, 3], "texture": "#0"}
			}
		},
		{
			"name": "inside2",
			"from": [10, 1, 6],
			"to": [13, 5, 9],
			"rotation": {"angle": 0, "axis": "y", "origin": [18, 9, 10]},
			"faces": {
				"north": {"uv": [9, 3, 12, 6], "texture": "#0"},
				"east": {"uv": [9, 3, 12, 6], "texture": "#0"},
				"south": {"uv": [9, 3, 12, 6], "texture": "#0"},
				"west": {"uv": [9, 3, 12, 6], "texture": "#0"},
				"up": {"uv": [9, 3, 12, 6], "texture": "#0"},
				"down": {"uv": [9, 3, 12, 6], "texture": "#0"}
			}
		}
	],
	"display": {
		"thirdperson_righthand": {
			"translation": [0, 0, -1],
			"scale": [0.5, 0.5, 0.5]
		},
		"thirdperson_lefthand": {
			"translation": [0, 0, -1],
			"scale": [0.5, 0.5, 0.5]
		},
		"firstperson_righthand": {
			"scale": [0.5, 0.5, 0.5]
		},
		"firstperson_lefthand": {
			"scale": [0.5, 0.5, 0.5]
		},
		"ground": {
			"scale": [0.5, 0.5, 0.5]
		},
		"gui": {
			"rotation": [30, 45, 0],
			"translation": [0, 2, 0]
		},
		"head": {
			"rotation": [0, -180, 0],
			"translation": [0, 14, 0]
		},
		"fixed": {
			"rotation": [-90, 0, 0],
			"translation": [0, 0, -14],
			"scale": [2, 2, 2]
		}
	}
}