{
	"credit": "Made with Blockbench",
	"textures": {
		"0": "block/scissors",
		"particle": "block/scissors"
	},
	"elements": [
		{
			"from": [6.5, 0, 3],
			"to": [7.5, 1, 7],
			"rotation": {"angle": 0, "axis": "y", "origin": [15, 8, 10]},
			"faces": {
				"north": {"uv": [8, 4, 9, 5], "texture": "#0"},
				"east": {"uv": [3, 10, 4, 14], "texture": "#0"},
				"south": {"uv": [2, 13, 3, 14], "texture": "#0"},
				"west": {"uv": [3, 10, 4, 14], "rotation": 90, "texture": "#0"},
				"up": {"uv": [7, 4, 8, 8], "texture": "#0"},
				"down": {"uv": [2, 10, 3, 14], "rotation": 180, "texture": "#0"}
			}
		},
		{
			"from": [5.5, 0, 3],
			"to": [6.5, 1, 6],
			"rotation": {"angle": 0, "axis": "y", "origin": [15, 8, 10]},
			"faces": {
				"north": {"uv": [9, 4, 10, 5], "texture": "#0"},
				"east": {"uv": [3, 10, 4, 14], "texture": "#0"},
				"south": {"uv": [2, 14, 3, 15], "texture": "#0"},
				"west": {"uv": [3, 10, 4, 14], "rotation": 90, "texture": "#0"},
				"up": {"uv": [6, 4, 7, 7], "texture": "#0"},
				"down": {"uv": [2, 10, 3, 14], "rotation": 180, "texture": "#0"}
			}
		},
		{
			"from": [9.5, 0, 3],
			"to": [10.5, 1, 6],
			"rotation": {"angle": 0, "axis": "y", "origin": [15, 8, 10]},
			"faces": {
				"north": {"uv": [7, 4, 8, 5], "texture": "#0"},
				"east": {"uv": [3, 10, 4, 14], "texture": "#0"},
				"south": {"uv": [2, 14, 3, 15], "texture": "#0"},
				"west": {"uv": [3, 10, 4, 14], "rotation": 90, "texture": "#0"},
				"up": {"uv": [10, 4, 11, 7], "texture": "#0"},
				"down": {"uv": [2, 10, 3, 14], "rotation": 180, "texture": "#0"}
			}
		},
		{
			"from": [8.5, 0, 3],
			"to": [9.5, 1, 7],
			"rotation": {"angle": 0, "axis": "y", "origin": [15, 8, 10]},
			"faces": {
				"north": {"uv": [8, 4, 9, 5], "texture": "#0"},
				"east": {"uv": [3, 10, 4, 14], "texture": "#0"},
				"south": {"uv": [2, 13, 3, 14], "texture": "#0"},
				"west": {"uv": [3, 10, 4, 14], "rotation": 90, "texture": "#0"},
				"up": {"uv": [9, 4, 10, 8], "texture": "#0"},
				"down": {"uv": [2, 10, 3, 14], "rotation": 180, "texture": "#0"}
			}
		},
		{
			"from": [6.5, 0, 7],
			"to": [9.5, 1, 9],
			"rotation": {"angle": 0, "axis": "y", "origin": [15, 8, 14]},
			"faces": {
				"north": {"uv": [7, 4, 10, 5], "texture": "#0"},
				"east": {"uv": [7, 0, 8, 2], "rotation": 90, "texture": "#0"},
				"south": {"uv": [0, 8, 3, 9], "texture": "#0"},
				"west": {"uv": [7, 0, 8, 2], "rotation": 270, "texture": "#0"},
				"up": {"uv": [0, 7, 3, 9], "texture": "#0"},
				"down": {"uv": [0, 7, 3, 9], "rotation": 180, "texture": "#0"}
			}
		},
		{
			"from": [6.5, 0, 9],
			"to": [9.5, 1, 13],
			"rotation": {"angle": 0, "axis": "y", "origin": [17, 8, 16]},
			"faces": {
				"north": {"uv": [2, 0, 4, 1], "rotation": 180, "texture": "#0"},
				"east": {"uv": [10, 0, 11, 4], "rotation": 90, "texture": "#0"},
				"south": {"uv": [6, 3, 9, 4], "texture": "#0"},
				"west": {"uv": [9, 0, 10, 4], "rotation": 270, "texture": "#0"},
				"up": {"uv": [6, 0, 9, 4], "texture": "#0"},
				"down": {"uv": [0, 0, 2, 7], "rotation": 180, "texture": "#0"}
			}
		}
	],
	"display": {
		"thirdperson_righthand": {
			"rotation": [0, -180, 0],
			"translation": [0, 2, -3.5],
			"scale": [0.5, 0.5, 0.5]
		},
		"thirdperson_lefthand": {
			"rotation": [0, -180, 0],
			"translation": [0, 2, -3.5],
			"scale": [0.5, 0.5, 0.5]
		},
		"ground": {
			"scale": [0.5, 0.5, 0.5]
		},
		"gui": {
			"rotation": [75, 45, 0],
			"translation": [1, 1, 0]
		},
		"fixed": {
			"rotation": [-90, -180, 0],
			"translation": [0, 0, -14],
			"scale": [2, 2, 2]
		}
	}
}