{
	"credit": "Made with Blockbench",
	"textures": {
		"0": "block/scissors",
		"particle": "block/scissors"
	},
	"elements": [
		{
			"from": [4.5, 0, 1],
			"to": [7.5, 1, 2],
			"rotation": {"angle": 0, "axis": "y", "origin": [13, 8, 9]},
			"faces": {
				"north": {"uv": [0, 14, 3, 15], "rotation": 180, "texture": "#0"},
				"east": {"uv": [3, 9, 4, 10], "texture": "#0"},
				"south": {"uv": [0, 14, 3, 15], "texture": "#0"},
				"west": {"uv": [0, 14, 1, 15], "texture": "#0"},
				"up": {"uv": [0, 9, 3, 10], "texture": "#0"},
				"down": {"uv": [0, 9, 3, 10], "texture": "#0"}
			}
		},
		{
			"from": [8.5, 0, 1],
			"to": [11.5, 1, 2],
			"rotation": {"angle": 0, "axis": "y", "origin": [13, 8, 9]},
			"faces": {
				"north": {"uv": [0, 14, 3, 15], "rotation": 180, "texture": "#0"},
				"east": {"uv": [3, 9, 4, 10], "texture": "#0"},
				"south": {"uv": [0, 14, 3, 15], "texture": "#0"},
				"west": {"uv": [0, 14, 1, 15], "texture": "#0"},
				"up": {"uv": [0, 9, 3, 10], "texture": "#0"},
				"down": {"uv": [0, 9, 3, 10], "texture": "#0"}
			}
		},
		{
			"from": [4.5, 0, 2],
			"to": [5.5, 1, 5],
			"rotation": {"angle": 0, "axis": "y", "origin": [13, 8, 10]},
			"faces": {
				"north": {"uv": [0, 11, 1, 12], "texture": "#0"},
				"east": {"uv": [3, 11, 4, 14], "rotation": 90, "texture": "#0"},
				"south": {"uv": [0, 14, 1, 15], "texture": "#0"},
				"west": {"uv": [0, 14, 3, 15], "texture": "#0"},
				"up": {"uv": [0, 10, 1, 13], "texture": "#0"},
				"down": {"uv": [0, 10, 1, 13], "rotation": 180, "texture": "#0"}
			}
		},
		{
			"from": [10.5, 0, 2],
			"to": [11.5, 1, 5],
			"rotation": {"angle": 0, "axis": "y", "origin": [13, 8, 10]},
			"faces": {
				"north": {"uv": [0, 11, 1, 12], "texture": "#0"},
				"east": {"uv": [3, 11, 4, 14], "rotation": 90, "texture": "#0"},
				"south": {"uv": [0, 14, 1, 15], "texture": "#0"},
				"west": {"uv": [0, 14, 3, 15], "texture": "#0"},
				"up": {"uv": [0, 10, 1, 13], "texture": "#0"},
				"down": {"uv": [0, 10, 1, 13], "rotation": 180, "texture": "#0"}
			}
		},
		{
			"from": [6.5, 0, 2],
			"to": [7.5, 1, 6],
			"rotation": {"angle": 0, "axis": "y", "origin": [15, 8, 10]},
			"faces": {
				"north": {"uv": [2, 10, 3, 11], "texture": "#0"},
				"east": {"uv": [3, 10, 4, 14], "texture": "#0"},
				"south": {"uv": [2, 13, 3, 14], "texture": "#0"},
				"west": {"uv": [3, 10, 4, 14], "rotation": 90, "texture": "#0"},
				"up": {"uv": [2, 10, 3, 14], "texture": "#0"},
				"down": {"uv": [2, 10, 3, 14], "rotation": 180, "texture": "#0"}
			}
		},
		{
			"from": [8.5, 0, 2],
			"to": [9.5, 1, 6],
			"rotation": {"angle": 0, "axis": "y", "origin": [15, 8, 10]},
			"faces": {
				"north": {"uv": [2, 10, 3, 11], "texture": "#0"},
				"east": {"uv": [3, 10, 4, 14], "texture": "#0"},
				"south": {"uv": [2, 13, 3, 14], "texture": "#0"},
				"west": {"uv": [3, 10, 4, 14], "rotation": 90, "texture": "#0"},
				"up": {"uv": [2, 10, 3, 14], "texture": "#0"},
				"down": {"uv": [2, 10, 3, 14], "rotation": 180, "texture": "#0"}
			}
		},
		{
			"from": [5.5, 0, 5],
			"to": [6.5, 1, 6],
			"rotation": {"angle": 0, "axis": "y", "origin": [14, 8, 12]},
			"faces": {
				"north": {"uv": [1, 14, 2, 15], "texture": "#0"},
				"east": {"uv": [1, 13, 2, 14], "texture": "#0"},
				"south": {"uv": [1, 14, 2, 15], "texture": "#0"},
				"west": {"uv": [1, 14, 2, 15], "texture": "#0"},
				"up": {"uv": [1, 13, 2, 14], "texture": "#0"},
				"down": {"uv": [1, 13, 2, 14], "texture": "#0"}
			}
		},
		{
			"from": [9.5, 0, 5],
			"to": [10.5, 1, 6],
			"rotation": {"angle": 0, "axis": "y", "origin": [14, 8, 12]},
			"faces": {
				"north": {"uv": [1, 14, 2, 15], "texture": "#0"},
				"east": {"uv": [1, 14, 2, 15], "texture": "#0"},
				"south": {"uv": [1, 14, 2, 15], "texture": "#0"},
				"west": {"uv": [1, 13, 2, 14], "texture": "#0"},
				"up": {"uv": [1, 13, 2, 14], "texture": "#0"},
				"down": {"uv": [1, 13, 2, 14], "texture": "#0"}
			}
		},
		{
			"from": [6.5, 0, 6],
			"to": [9.5, 1, 8],
			"rotation": {"angle": 0, "axis": "y", "origin": [15, 8, 14]},
			"faces": {
				"north": {"uv": [0, 7, 3, 8], "texture": "#0"},
				"east": {"uv": [2, 7, 3, 9], "rotation": 90, "texture": "#0"},
				"south": {"uv": [0, 8, 3, 9], "texture": "#0"},
				"west": {"uv": [0, 7, 1, 9], "rotation": 270, "texture": "#0"},
				"up": {"uv": [0, 7, 3, 9], "texture": "#0"},
				"down": {"uv": [0, 7, 3, 9], "rotation": 180, "texture": "#0"}
			}
		},
		{
			"from": [5.5, 0, 8],
			"to": [7.5, 1, 15],
			"rotation": {"angle": 0, "axis": "y", "origin": [14, 8, 16]},
			"faces": {
				"north": {"uv": [0, 0, 2, 1], "rotation": 180, "texture": "#0"},
				"east": {"uv": [1, 0, 2, 7], "rotation": 90, "texture": "#0"},
				"south": {"uv": [0, 6, 2, 7], "texture": "#0"},
				"west": {"uv": [4, 0, 5, 7], "rotation": 270, "texture": "#0"},
				"up": {"uv": [0, 0, 2, 7], "texture": "#0"},
				"down": {"uv": [2, 0, 4, 7], "rotation": 180, "texture": "#0"}
			}
		},
		{
			"from": [8.5, 0, 8],
			"to": [10.5, 1, 15],
			"rotation": {"angle": 0, "axis": "y", "origin": [17, 8, 16]},
			"faces": {
				"north": {"uv": [2, 0, 4, 1], "rotation": 180, "texture": "#0"},
				"east": {"uv": [5, 0, 6, 7], "rotation": 90, "texture": "#0"},
				"south": {"uv": [2, 6, 4, 7], "texture": "#0"},
				"west": {"uv": [2, 0, 3, 7], "rotation": 270, "texture": "#0"},
				"up": {"uv": [2, 0, 4, 7], "texture": "#0"},
				"down": {"uv": [0, 0, 2, 7], "rotation": 180, "texture": "#0"}
			}
		}
	],
	"display": {
		"thirdperson_righthand": {
			"rotation": [0, -180, 0],
			"translation": [0, 2, -3.5],
			"scale": [0.5, 0.5, 0.5]
		},
		"thirdperson_lefthand": {
			"rotation": [0, -180, 0],
			"translation": [0, 2, -3.5],
			"scale": [0.5, 0.5, 0.5]
		},
		"ground": {
			"scale": [0.5, 0.5, 0.5]
		},
		"gui": {
			"rotation": [75, 45, 0],
			"translation": [1, 1, 0]
		},
		"fixed": {
			"rotation": [-90, -180, 0],
			"translation": [0, 0, -14],
			"scale": [2, 2, 2]
		}
	}
}