{
	"credit": "Made with Blockbench",
	"textures": {
		"0": "block/stone",
		"particle": "block/stone"
	},
	"elements": [
		{
			"from": [-0.01, 12.99, -0.01],
			"to": [16.01, 16.01, 16.01],
			"rotation": {"angle": 0, "axis": "y", "origin": [5, 0, 5]},
			"faces": {
				"north": {"uv": [0, 0, 16, 3], "rotation": 180, "texture": "#0"},
				"east": {"uv": [13, 0, 16, 16], "rotation": 90, "texture": "#0"},
				"south": {"uv": [0, 13, 16, 16], "texture": "#0"},
				"west": {"uv": [0, 0, 3, 16], "rotation": 270, "texture": "#0"},
				"up": {"uv": [0, 0, 16, 16], "texture": "#0"},
				"down": {"uv": [0, 0, 16, 16], "texture": "#0"}
			}
		},
		{
			"from": [4.5, 2, 4.5],
			"to": [11.5, 8, 11.5],
			"faces": {
				"north": {"uv": [8, 8, 15, 14], "texture": "#0"},
				"east": {"uv": [1, 8, 8, 14], "texture": "#0"},
				"south": {"uv": [8, 8, 15, 14], "texture": "#0"},
				"west": {"uv": [1, 8, 8, 14], "texture": "#0"},
				"up": {"uv": [4, 4, 11, 11], "texture": "#0"},
				"down": {"uv": [5, 4, 12, 11], "texture": "#0"}
			}
		},
		{
			"from": [4, 12, 4],
			"to": [12, 13, 12],
			"faces": {
				"north": {"uv": [4, 3, 12, 4], "texture": "#0"},
				"east": {"uv": [12, 4, 13, 12], "rotation": 90, "texture": "#0"},
				"south": {"uv": [4, 12, 12, 13], "texture": "#0"},
				"west": {"uv": [3, 4, 4, 12], "rotation": 270, "texture": "#0"},
				"down": {"uv": [4, 4, 12, 12], "texture": "#0"}
			}
		},
		{
			"from": [3.5, 0, 3.5],
			"to": [12.5, 2, 12.5],
			"faces": {
				"north": {"uv": [7, 14, 16, 16], "texture": "#0"},
				"east": {"uv": [0, 14, 9, 16], "texture": "#0"},
				"south": {"uv": [7, 14, 16, 16], "texture": "#0"},
				"west": {"uv": [0, 14, 9, 16], "texture": "#0"},
				"up": {"uv": [4, 3, 13, 12], "texture": "#0"},
				"down": {"uv": [4, 3, 13, 12], "texture": "#0"}
			}
		},
		{
			"from": [5, 8, 5],
			"to": [11, 12, 11],
			"faces": {
				"north": {"uv": [8, 4, 14, 8], "texture": "#0"},
				"east": {"uv": [2, 4, 8, 8], "texture": "#0"},
				"south": {"uv": [8, 4, 14, 8], "texture": "#0"},
				"west": {"uv": [2, 4, 8, 8], "texture": "#0"},
				"up": {"uv": [5, 5, 10, 10], "texture": "#0"}
			}
		}
	],
	"display": {
		"thirdperson_righthand": {
			"translation": [0, 0, -2],
			"scale": [0.5, 0.5, 0.5]
		},
		"thirdperson_lefthand": {
			"translation": [0, 0, -2],
			"scale": [0.5, 0.5, 0.5]
		},
		"firstperson_righthand": {
			"scale": [0.5, 0.5, 0.5]
		},
		"firstperson_lefthand": {
			"scale": [0.5, 0.5, 0.5]
		},
		"ground": {
			"scale": [0.5, 0.5, 0.5]
		},
		"gui": {
			"rotation": [30, 45, 0],
			"scale": [0.5, 0.5, 0.5]
		},
		"head": {
			"translation": [0, 14, 0]
		},
		"fixed": {
			"rotation": [-90, 0, 0],
			"translation": [0, 0, -14],
			"scale": [2, 2, 2]
		}
	}
}