{
	"credit": "Made with Blockbench",
	"textures": {
		"0": "block/stripped_oak_log",
		"1": "block/basket_orange_d",
		"particle": "block/stripped_oak_log"
	},
	"elements": [
		{
			"from": [11, 0, 1],
			"to": [15, 1, 15],
			"rotation": {"angle": 0, "axis": "y", "origin": [22, 8, 9]},
			"faces": {
				"north": {"uv": [11, 1, 15, 2], "rotation": 180, "texture": "#0"},
				"east": {"uv": [14, 1, 15, 15], "rotation": 90, "texture": "#0"},
				"south": {"uv": [11, 14, 15, 15], "texture": "#0"},
				"west": {"uv": [11, 1, 12, 15], "rotation": 270, "texture": "#0"},
				"up": {"uv": [11, 1, 15, 15], "texture": "#0"},
				"down": {"uv": [1, 1, 5, 15], "rotation": 180, "texture": "#0"}
			}
		},
		{
			"from": [6, 0, 1],
			"to": [7, 1, 6],
			"rotation": {"angle": 0, "axis": "y", "origin": [14, 8, 9]},
			"faces": {
				"north": {"uv": [6, 1, 7, 2], "texture": "#0"},
				"east": {"uv": [6, 1, 7, 6], "rotation": 90, "texture": "#0"},
				"south": {"uv": [6, 5, 7, 6], "texture": "#0"},
				"west": {"uv": [0, 0, 1, 1], "texture": "#missing"},
				"up": {"uv": [6, 1, 7, 6], "texture": "#0"},
				"down": {"uv": [9, 1, 10, 6], "texture": "#0"}
			}
		},
		{
			"from": [6, 0, 10],
			"to": [7, 1, 15],
			"rotation": {"angle": 0, "axis": "y", "origin": [14, 8, 18]},
			"faces": {
				"north": {"uv": [6, 10, 7, 11], "texture": "#0"},
				"east": {"uv": [6, 10, 7, 15], "rotation": 90, "texture": "#0"},
				"south": {"uv": [6, 14, 7, 15], "texture": "#0"},
				"west": {"uv": [0, 0, 1, 1], "texture": "#missing"},
				"up": {"uv": [6, 10, 7, 15], "texture": "#0"},
				"down": {"uv": [9, 10, 10, 15], "texture": "#0"}
			}
		},
		{
			"from": [9, 0, 10],
			"to": [10, 1, 15],
			"rotation": {"angle": 0, "axis": "y", "origin": [17, 8, 18]},
			"faces": {
				"north": {"uv": [9, 10, 10, 11], "texture": "#0"},
				"east": {"uv": [0, 0, 1, 1], "texture": "#missing"},
				"south": {"uv": [9, 14, 10, 15], "texture": "#0"},
				"west": {"uv": [9, 10, 10, 15], "rotation": 270, "texture": "#0"},
				"up": {"uv": [9, 10, 10, 15], "texture": "#0"},
				"down": {"uv": [6, 10, 7, 15], "texture": "#0"}
			}
		},
		{
			"from": [9, 0, 1],
			"to": [10, 1, 6],
			"rotation": {"angle": 0, "axis": "y", "origin": [17, 8, 9]},
			"faces": {
				"north": {"uv": [9, 1, 10, 2], "texture": "#0"},
				"east": {"uv": [0, 0, 1, 1], "texture": "#missing"},
				"south": {"uv": [9, 5, 10, 6], "texture": "#0"},
				"west": {"uv": [9, 1, 10, 6], "rotation": 270, "texture": "#0"},
				"up": {"uv": [9, 1, 10, 6], "texture": "#0"},
				"down": {"uv": [6, 1, 7, 6], "texture": "#0"}
			}
		},
		{
			"from": [6, 0.02, 6],
			"to": [7, 0.02, 10],
			"rotation": {"angle": 0, "axis": "y", "origin": [14, 8, 14]},
			"faces": {
				"north": {"uv": [2, 3.33333, 6, 4.33333], "texture": "#1"},
				"east": {"uv": [2, 3.33333, 6, 4.33333], "texture": "#1"},
				"south": {"uv": [2, 3.33333, 6, 4.33333], "texture": "#1"},
				"west": {"uv": [2, 3.33333, 6, 4.33333], "texture": "#1"},
				"up": {"uv": [2, 3.33333, 6, 4.33333], "texture": "#1"},
				"down": {"uv": [2, 3.33333, 6, 4.33333], "texture": "#1"}
			}
		},
		{
			"from": [9, 0.02, 6],
			"to": [10, 0.02, 10],
			"rotation": {"angle": 0, "axis": "y", "origin": [17, 8, 14]},
			"faces": {
				"north": {"uv": [2, 3.33333, 6, 4.33333], "texture": "#1"},
				"east": {"uv": [2, 3.33333, 6, 4.33333], "texture": "#1"},
				"south": {"uv": [2, 3.33333, 6, 4.33333], "texture": "#1"},
				"west": {"uv": [2, 3.33333, 6, 4.33333], "texture": "#1"},
				"up": {"uv": [2, 3.33333, 6, 4.33333], "texture": "#1"},
				"down": {"uv": [2, 3.33333, 6, 4.33333], "texture": "#1"}
			}
		},
		{
			"from": [5, 0, 1],
			"to": [6, 1, 15],
			"rotation": {"angle": 0, "axis": "y", "origin": [16, 8, 8]},
			"faces": {
				"north": {"uv": [5, 1, 6, 2], "texture": "#0"},
				"east": {"uv": [5, 1, 6, 15], "rotation": 90, "texture": "#0"},
				"south": {"uv": [5, 14, 6, 15], "texture": "#0"},
				"west": {"uv": [6, 1, 7, 15], "rotation": 90, "texture": "#0"},
				"up": {"uv": [5, 1, 6, 15], "texture": "#0"},
				"down": {"uv": [10, 1, 11, 15], "texture": "#0"}
			}
		},
		{
			"from": [10, 0, 1],
			"to": [11, 1, 15],
			"rotation": {"angle": 0, "axis": "y", "origin": [21, 8, 8]},
			"faces": {
				"north": {"uv": [10, 1, 11, 2], "texture": "#0"},
				"east": {"uv": [9, 1, 10, 15], "rotation": 90, "texture": "#0"},
				"south": {"uv": [10, 14, 11, 15], "texture": "#0"},
				"west": {"uv": [10, 1, 11, 15], "rotation": 270, "texture": "#0"},
				"up": {"uv": [10, 1, 11, 15], "texture": "#0"},
				"down": {"uv": [5, 1, 6, 15], "texture": "#0"}
			}
		},
		{
			"from": [1, 0, 1],
			"to": [5, 1, 15],
			"rotation": {"angle": 0, "axis": "y", "origin": [13, 8, 9]},
			"faces": {
				"north": {"uv": [1, 1, 5, 2], "rotation": 180, "texture": "#0"},
				"east": {"uv": [4, 1, 5, 15], "rotation": 90, "texture": "#0"},
				"south": {"uv": [1, 14, 5, 15], "texture": "#0"},
				"west": {"uv": [1, 1, 2, 15], "rotation": 270, "texture": "#0"},
				"up": {"uv": [1, 1, 5, 15], "texture": "#0"},
				"down": {"uv": [11, 1, 15, 15], "rotation": 180, "texture": "#0"}
			}
		}
	],
	"gui_light": "front",
	"display": {
		"thirdperson_righthand": {
			"translation": [0, 2, -3],
			"scale": [0.5, 0.5, 0.5]
		},
		"thirdperson_lefthand": {
			"translation": [0, 2, -3],
			"scale": [0.5, 0.5, 0.5]
		},
		"ground": {
			"scale": [0.5, 0.5, 0.5]
		},
		"gui": {
			"rotation": [90, 0, 0]
		},
		"head": {
			"translation": [0, 14.5, 0]
		},
		"fixed": {
			"rotation": [90, 0, -180],
			"translation": [0, 0, -14],
			"scale": [2, 2, 2]
		}
	},
	"groups": [
		{
			"name": "group",
			"origin": [13, 8, 9],
			"children": [0, 1, 2, 3, 4, 5, 6, 7, 8, 9]
		}
	]
}