{
	"credit": "Made with Blockbench",
	"textures": {
		"0": "block/bricks",
		"particle": "block/bricks"
	},
	"elements": [
		{
			"from": [0.25, -1, 0],
			"to": [7.75, 2, 3],
			"rotation": {"angle": 0, "axis": "y", "origin": [0, 0, 0]},
			"faces": {
				"north": {"uv": [0, 4, 7, 7], "texture": "#0"},
				"east": {"uv": [4, 4, 7, 7], "texture": "#0"},
				"south": {"uv": [0, 4, 7, 7], "texture": "#0"},
				"west": {"uv": [0, 4, 3, 7], "texture": "#0"},
				"up": {"uv": [0, 4, 7, 7], "texture": "#0"},
				"down": {"uv": [0, 4, 7, 7], "texture": "#0"}
			}
		},
		{
			"from": [8.25, -1, 0],
			"to": [15.75, 2, 3],
			"rotation": {"angle": 0, "axis": "y", "origin": [0, 0, 0]},
			"faces": {
				"north": {"uv": [8, 4, 15, 7], "texture": "#0"},
				"east": {"uv": [12, 4, 15, 7], "texture": "#0"},
				"south": {"uv": [8, 4, 15, 7], "texture": "#0"},
				"west": {"uv": [8, 4, 11, 7], "texture": "#0"},
				"up": {"uv": [8, 4, 15, 7], "texture": "#0"},
				"down": {"uv": [8, 4, 15, 7], "texture": "#0"}
			}
		}
	],
	"display": {
		"thirdperson_righthand": {
			"translation": [0, 0, 2.5],
			"scale": [0.5, 0.5, 0.5]
		},
		"thirdperson_lefthand": {
			"translation": [0, 0, 2.5],
			"scale": [0.5, 0.5, 0.5]
		},
		"firstperson_righthand": {
			"translation": [4, 0, 0],
			"scale": [0.5, 0.5, 0.5]
		},
		"firstperson_lefthand": {
			"translation": [4, 0, 0],
			"scale": [0.5, 0.5, 0.5]
		},
		"ground": {
			"scale": [0.5, 0.5, 0.5]
		},
		"gui": {
			"rotation": [45, 45, 0],
			"scale": [0.5, 0.5, 0.5]
		},
		"head": {
			"translation": [0, 15, 0]
		},
		"fixed": {
			"rotation": [-90, 0, 0],
			"translation": [0, 0, -14],
			"scale": [2, 2, 2]
		}
	}
}